BATCH 0
0 2.04455304145813
1 4.099925994873047
2 2.0465590953826904
3 2.0909385681152344
4 2.0666797161102295
5 2.0714406967163086
6 2.062499523162842
7 2.029108762741089
8 1.9820398092269897
9 1.984715461730957
10 1.9273321628570557
11 1.9443483352661133
12 1.8968698978424072
13 1.8897433280944824
14 1.9306800365447998
15 1.8790696859359741
16 1.9075956344604492
17 1.8444918394088745
18 1.8577098846435547
19 1.8083230257034302
20 1.891530156135559
21 1.798646092414856
22 1.8422869443893433
23 1.8409942388534546
24 1.7721781730651855
25 1.769788384437561
26 1.8026231527328491
27 1.8443776369094849
28 1.863998293876648
29 1.8466547727584839
30 1.781219244003296
31 1.7717877626419067
32 1.7841204404830933
33 1.8032951354980469
34 1.747921109199524
35 1.8355945348739624
36 1.761048436164856
37 1.7861671447753906
38 1.7772877216339111
39 1.7809408903121948
40 1.750354528427124
41 1.875784993171692
42 1.773554801940918
43 1.7658191919326782
44 1.806028127670288
45 1.7660413980484009
46 1.7619099617004395
47 1.8106802701950073
48 1.7837008237838745
49 1.7165746688842773
50 1.7962223291397095
51 1.7432688474655151
52 1.8032772541046143
53 1.7475098371505737
54 1.7672098875045776
55 1.769822597503662
56 1.7363078594207764
57 1.767423152923584
58 1.7792960405349731
59 1.7850425243377686
60 1.7761945724487305
61 1.7945678234100342
62 1.7952852249145508
63 1.789475917816162
64 1.7513614892959595
65 1.7483701705932617
66 1.7736320495605469
67 1.7948503494262695
68 1.8102275133132935
69 1.714715838432312
70 1.7611030340194702
71 1.7651944160461426
72 1.8137311935424805
73 1.762883186340332
74 1.7685884237289429
75 1.7773127555847168
76 1.7558237314224243
77 1.7352735996246338
78 1.745003342628479
79 1.7478829622268677
80 3.437628984451294
81 1.7442457675933838
82 1.773901104927063
83 1.7783706188201904
84 1.7582333087921143
85 1.7564750909805298
86 1.774341344833374
87 1.8079019784927368
88 1.7268720865249634
89 1.7742992639541626
90 1.8032140731811523
91 1.7773001194000244
92 1.7811390161514282
93 1.7644274234771729
94 1.7896106243133545
95 1.7867119312286377
96 1.77902352809906
97 1.7051801681518555
98 1.7902076244354248
99 1.775303840637207
100 1.7762973308563232
101 1.8104201555252075
102 1.7420905828475952
103 1.7425637245178223
104 1.7524800300598145
105 1.7823067903518677
106 1.7428648471832275
107 1.799248218536377
108 1.7367404699325562
109 1.763801097869873
110 1.8026422262191772
111 1.7480605840682983
112 1.7107887268066406
113 1.8308988809585571
114 1.7558250427246094
115 1.7549444437026978
116 1.74162757396698
117 1.7278943061828613
118 1.772438645362854
119 1.8007633686065674
120 1.7584391832351685
121 1.7749240398406982
122 1.752121925354004
123 1.7908433675765991
124 1.7244163751602173
125 1.783095121383667
126 1.7516510486602783
127 1.7714895009994507
128 1.728071689605713
129 1.773013949394226
130 1.7844535112380981
131 1.720123052597046
132 1.7900280952453613
133 1.7578033208847046
134 1.7724844217300415
135 1.7300331592559814
136 1.7356388568878174
137 1.7571109533309937
138 1.7628145217895508
139 1.7368268966674805
140 1.7457844018936157
141 1.7668324708938599
142 1.7605681419372559
143 1.7314802408218384
144 1.7276008129119873
145 1.7684036493301392
146 1.781015396118164
147 1.7586734294891357
148 1.8094291687011719
149 1.8263276815414429
150 1.7640812397003174
151 1.7618473768234253
152 1.7344889640808105
153 1.7905559539794922
154 1.8163204193115234
155 1.7536509037017822
156 1.8234128952026367
157 1.767872929573059
158 1.7738566398620605
159 1.7344926595687866
160 1.632873296737671
161 1.6990211009979248
162 1.7444745302200317
163 1.7355440855026245
164 1.7161608934402466
165 1.8349311351776123
166 1.799894094467163
167 1.732866644859314
168 1.742118239402771
169 1.7768707275390625
170 1.694993019104004
171 1.7508798837661743
172 1.7324963808059692
173 1.7923457622528076
174 1.7794429063796997
175 1.7496062517166138
176 1.7513682842254639
177 1.730094075202942
178 1.7181599140167236
179 1.6935824155807495
180 1.7474173307418823
181 1.7893168926239014
182 1.6990145444869995
183 1.7653756141662598
184 1.7558300495147705
185 1.8159219026565552
186 1.7524553537368774
187 1.7352420091629028
188 1.7556358575820923
189 1.7579206228256226
190 1.7450213432312012
191 1.7478474378585815
192 1.7780033349990845
193 1.7064599990844727
194 1.746261715888977
195 1.702237606048584
196 1.7554476261138916
197 1.6924898624420166
198 1.7236398458480835
199 1.70119047164917
200 1.7053956985473633
201 1.7392479181289673
202 1.8299516439437866
203 1.7196003198623657
204 1.7685546875
205 1.7529314756393433
206 1.748439073562622
207 1.7473151683807373
208 1.7255269289016724
209 1.7471835613250732
210 1.7337063550949097
211 1.720164179801941
212 1.770113229751587
213 1.7484993934631348
214 1.7549965381622314
215 1.7303006649017334
216 1.7370939254760742
217 1.7320432662963867
218 1.7048759460449219
219 1.7806732654571533
220 1.7771178483963013
221 1.7955965995788574
222 1.7000621557235718
223 1.7687900066375732
224 1.765116572380066
225 1.7254524230957031
226 1.7198195457458496
227 1.7591732740402222
228 1.884786605834961
229 1.705538034439087
230 1.7201193571090698
231 1.7133408784866333
232 1.6848382949829102
233 1.741909384727478
234 1.7461892366409302
235 1.7046583890914917
236 1.7535340785980225
237 1.7345848083496094
238 1.7633745670318604
239 1.7609721422195435
240 1.7098077535629272
241 1.7163898944854736
242 1.796372652053833
243 1.7413475513458252
244 1.7204192876815796
245 1.6824126243591309
246 1.719093680381775
247 1.7441320419311523
248 1.7008037567138672
249 1.709816813468933
250 1.7575616836547852
251 1.7624640464782715
252 1.7305359840393066
253 1.6785892248153687
254 1.6562265157699585
255 1.7619433403015137
256 1.7913967370986938
257 1.7497998476028442
258 1.7708343267440796
259 1.7705928087234497
260 1.7673109769821167
261 1.7124505043029785
262 1.8268753290176392
263 1.750659465789795
264 1.7240159511566162
265 1.747161626815796
266 1.768380045890808
267 1.7261594533920288
268 1.7204715013504028
269 1.7300899028778076
270 1.7395284175872803
271 1.7299628257751465
272 1.702738642692566
273 1.7815409898757935
274 1.7670345306396484
275 1.7260656356811523
276 1.7396801710128784
277 1.6353265047073364
278 1.7529491186141968
279 1.7001152038574219
280 1.7356427907943726
281 1.7441046237945557
282 1.742397427558899
283 1.7251390218734741
284 1.7333993911743164
285 1.7600972652435303
286 1.6792060136795044
287 1.7023823261260986
288 1.7391506433486938
289 1.7090020179748535
290 1.7070099115371704
291 1.7556220293045044
292 1.7121129035949707
293 1.6838159561157227
294 1.7464485168457031
295 1.6909332275390625
296 1.7451584339141846
297 1.7364956140518188
298 1.7533873319625854
299 1.7223455905914307
300 1.731820821762085
301 1.7649449110031128
302 1.7743449211120605
303 1.7619779109954834
304 1.7793867588043213
305 1.7233763933181763
306 1.711959719657898
307 1.7156628370285034
308 1.6789721250534058
309 1.7208385467529297
310 1.755212426185608
311 1.7062057256698608
312 1.6969773769378662
313 1.7732346057891846
314 1.7447019815444946
315 1.7409589290618896
316 1.7250722646713257
317 1.75641667842865
318 1.721139669418335
319 1.73238205909729
320 1.7561006546020508
321 1.7244027853012085
322 1.7412488460540771
323 1.7335293292999268
324 1.7426599264144897
325 1.7434451580047607
326 1.7465450763702393
327 1.7540247440338135
328 1.7863069772720337
329 1.6984872817993164
330 1.736180067062378
331 1.7117818593978882
332 1.7664778232574463
333 1.7464005947113037
334 1.7557497024536133
335 1.725624918937683
336 1.6510231494903564
337 1.7513843774795532
338 1.7431946992874146
339 1.6864433288574219
340 1.7143855094909668
341 1.7925331592559814
342 1.7069454193115234
343 1.7458667755126953
344 1.7426254749298096
345 1.6719067096710205
346 1.7404873371124268
347 1.6955759525299072
348 1.7351276874542236
349 1.7503771781921387
350 1.7178186178207397
351 1.7574315071105957
352 1.7458622455596924
353 1.731819748878479
354 1.7284998893737793
355 1.794240951538086
356 1.7079010009765625
357 1.720703363418579
358 1.7545263767242432
359 1.7025667428970337
360 1.726763129234314
361 1.7471940517425537
362 1.733725905418396
363 1.7275182008743286
364 1.7442538738250732
365 1.7239298820495605
366 1.6857317686080933
367 1.7272156476974487
368 1.7346599102020264
369 1.7309088706970215
370 1.7366650104522705
371 1.7692030668258667
372 1.7616760730743408
373 1.7225886583328247
374 1.714964747428894
375 1.7884248495101929
376 1.7268836498260498
377 1.732519507408142
378 1.7596226930618286
379 1.698097586631775
380 1.7620631456375122
381 1.69503653049469
382 1.7120730876922607
383 1.7240955829620361
384 1.7241274118423462
385 1.745177984237671
386 1.766133189201355
387 1.744714379310608
388 1.700930118560791
389 1.685030221939087
390 1.6844979524612427
391 1.713725209236145
392 1.7282885313034058
BATCH 1
0 1.7106876373291016
1 1.6989597082138062
2 1.6923329830169678
3 1.7371375560760498
4 1.702813982963562
5 1.6994640827178955
6 1.7843778133392334
7 1.726647138595581
8 1.7169148921966553
9 1.7480990886688232
10 1.6660040616989136
11 1.7306925058364868
12 1.7416870594024658
13 1.6944633722305298
14 1.7165229320526123
15 1.7216413021087646
16 1.7576297521591187
17 1.710598111152649
18 1.743676781654358
19 1.6802972555160522
20 1.777500033378601
21 1.7164276838302612
22 1.7591673135757446
23 1.7640479803085327
24 1.68781578540802
25 1.71809720993042
26 1.7461142539978027
27 1.7646899223327637
28 1.784004807472229
29 1.7684608697891235
30 1.747909665107727
31 1.7005136013031006
32 1.7353839874267578
33 1.7528529167175293
34 1.7079501152038574
35 1.8037755489349365
36 1.7031118869781494
37 1.7679181098937988
38 1.738269329071045
39 1.7507429122924805
40 1.7271461486816406
41 1.8018200397491455
42 1.7273966073989868
43 1.7272491455078125
44 1.7362372875213623
45 1.7306150197982788
46 1.7373757362365723
47 1.7804006338119507
48 1.761928915977478
49 1.682449221611023
50 1.758602261543274
51 1.7161983251571655
52 1.764523983001709
53 1.7104912996292114
54 1.740973949432373
55 1.7454315423965454
56 1.6999226808547974
57 1.7235846519470215
58 1.7359760999679565
59 1.7559247016906738
60 1.7276768684387207
61 1.7545166015625
62 1.7567023038864136
63 1.7504521608352661
64 1.7217763662338257
65 1.710160493850708
66 1.7238086462020874
67 1.7452425956726074
68 1.7738810777664185
69 1.672400712966919
70 1.7280750274658203
71 1.7382128238677979
72 1.786773681640625
73 1.7186073064804077
74 1.731952428817749
75 1.7417254447937012
76 1.716811180114746
77 1.7054194211959839
78 1.7167304754257202
79 1.7169796228408813
80 1.794625997543335
81 1.7151066064834595
82 1.7364767789840698
83 1.7310622930526733
84 1.7118160724639893
85 1.7210779190063477
86 1.7341119050979614
87 1.7764530181884766
88 1.7021076679229736
89 1.735782504081726
90 1.7649574279785156
91 1.7557159662246704
92 1.7467024326324463
93 1.7229101657867432
94 1.750464677810669
95 1.745715856552124
96 1.7492634057998657
97 1.6653193235397339
98 1.7514578104019165
99 1.7424336671829224
100 1.744262933731079
101 1.7685540914535522
102 2.1961679458618164
103 1.7017600536346436
104 1.7000030279159546
105 1.7520703077316284
106 1.7128348350524902
107 1.773337960243225
108 1.716219186782837
109 1.738974928855896
110 1.7807189226150513
111 1.7257243394851685
112 1.6913408041000366
113 1.7849078178405762
114 1.729028344154358
115 1.7106423377990723
116 1.7230679988861084
117 1.6993037462234497
118 1.74782395362854
119 1.7674657106399536
120 1.7288310527801514
121 1.739578127861023
122 1.7311224937438965
123 1.7604871988296509
124 1.7002325057983398
125 1.7595356702804565
126 1.7264260053634644
127 1.7357656955718994
128 1.7066504955291748
129 1.7348778247833252
130 1.7459938526153564
131 1.695131540298462
132 1.7586015462875366
133 1.715177297592163
134 1.7496752738952637
135 1.7007472515106201
136 1.7066766023635864
137 1.7295640707015991
138 1.727794885635376
139 1.7201011180877686
140 1.707995891571045
141 1.740912914276123
142 1.7351330518722534
143 1.7000362873077393
144 1.7006481885910034
145 1.742672085762024
146 1.7555609941482544
147 1.7262024879455566
148 1.7697155475616455
149 1.7989267110824585
150 1.7304826974868774
151 1.7324320077896118
152 1.7123469114303589
153 1.7593541145324707
154 1.790435552597046
155 1.7333295345306396
156 1.7912466526031494
157 1.7448028326034546
158 1.7458754777908325
159 1.7122632265090942
160 1.6200218200683594
161 1.6721503734588623
162 1.720910668373108
163 1.7116312980651855
164 1.6955785751342773
165 1.7962710857391357
166 1.7779582738876343
167 1.7159062623977661
168 1.7267283201217651
169 1.7535637617111206
170 1.6751618385314941
171 1.718993067741394
172 1.7054740190505981
173 1.778931736946106
174 1.7614846229553223
175 1.7311697006225586
176 1.7339423894882202
177 1.7060496807098389
178 1.6956135034561157
179 1.6722829341888428
180 1.7240688800811768
181 1.764642357826233
182 1.675893783569336
183 1.7426356077194214
184 1.7304396629333496
185 1.7901502847671509
186 1.7312300205230713
187 1.7211936712265015
188 1.7358227968215942
189 1.7363184690475464
190 1.7150304317474365
191 1.7330999374389648
192 1.7575803995132446
193 1.6834646463394165
194 1.728275179862976
195 1.6835848093032837
196 1.7283234596252441
197 1.671135663986206
198 1.7033185958862305
199 1.6737812757492065
200 1.6844509840011597
201 1.7166862487792969
202 1.803318977355957
203 1.7053495645523071
204 1.7471810579299927
205 1.7321909666061401
206 1.7302029132843018
207 1.7247273921966553
208 1.7067720890045166
209 1.723434567451477
210 1.7156076431274414
211 1.698319911956787
212 1.7579224109649658
213 1.7246156930923462
214 1.7349705696105957
215 1.718623161315918
216 1.725242257118225
217 1.7133629322052002
218 1.68014395236969
219 1.752769112586975
220 1.7490732669830322
221 1.767416000366211
222 1.6789920330047607
223 1.7505812644958496
224 1.7519692182540894
225 1.7203744649887085
226 1.705453634262085
227 1.7326596975326538
228 1.8462424278259277
229 1.683490514755249
230 1.703130841255188
231 1.6968101263046265
232 1.6664081811904907
233 1.7164306640625
234 1.726810336112976
235 1.6881918907165527
236 1.7340539693832397
237 1.7069406509399414
238 1.738516092300415
239 1.7362582683563232
240 1.692147135734558
241 1.6853402853012085
242 1.7782784700393677
243 1.720017433166504
244 1.7079637050628662
245 1.6644680500030518
246 1.6994765996932983
247 1.723886251449585
248 1.6799414157867432
249 1.688446044921875
250 1.7373933792114258
251 1.746549367904663
252 1.7144607305526733
253 1.660662055015564
254 1.6375482082366943
255 1.7440876960754395
256 1.7730154991149902
257 1.7387027740478516
258 1.7462198734283447
259 1.7505978345870972
260 1.7416578531265259
261 1.6931582689285278
262 1.8014320135116577
263 1.7327392101287842
264 1.703577995300293
265 1.7370545864105225
266 1.7517565488815308
267 1.6994150876998901
268 1.69357168674469
269 1.7115224599838257
270 1.7202907800674438
271 1.7139943838119507
272 1.6864205598831177
273 1.769626259803772
274 1.754218339920044
275 1.6988674402236938
276 1.7259109020233154
277 1.6261358261108398
278 1.7220487594604492
279 1.6855403184890747
280 1.7176960706710815
281 1.728779673576355
282 1.7210465669631958
283 1.7061635255813599
284 1.7135423421859741
285 1.7388774156570435
286 1.671007513999939
287 1.6912859678268433
288 1.7196084260940552
289 1.6910699605941772
290 1.6924233436584473
291 1.7425670623779297
292 1.6958075761795044
293 1.6623343229293823
294 1.7327618598937988
295 1.6775412559509277
296 1.7299445867538452
297 1.723693609237671
298 1.7363932132720947
299 1.712687373161316
300 1.7139488458633423
301 1.7513339519500732
302 1.7579143047332764
303 1.7487187385559082
304 1.7606446743011475
305 1.7069545984268188
306 1.6973379850387573
307 1.6999531984329224
308 1.6590650081634521
309 1.7145888805389404
310 1.7407821416854858
311 1.689490795135498
312 1.6864794492721558
313 1.761792778968811
314 1.7344138622283936
315 1.7288823127746582
316 1.7118107080459595
317 1.7231271266937256
318 1.7050602436065674
319 1.721859335899353
320 1.744295597076416
321 1.713496208190918
322 1.729758858680725
323 1.715417504310608
324 1.7257184982299805
325 1.7260146141052246
326 1.7281136512756348
327 1.7470391988754272
328 1.7664077281951904
329 1.6802810430526733
330 1.7141424417495728
331 1.7025103569030762
332 1.7492071390151978
333 1.7397781610488892
334 1.7435905933380127
335 1.7063661813735962
336 1.6416414976119995
337 1.7333287000656128
338 1.7203224897384644
339 1.6820770502090454
340 1.7017333507537842
341 1.7865378856658936
342 1.7021440267562866
343 1.7274125814437866
344 1.7232848405838013
345 1.661670207977295
346 1.732596755027771
347 1.6745667457580566
348 1.7183372974395752
349 1.7437645196914673
350 1.7106890678405762
351 1.7538827657699585
352 1.7257899045944214
353 1.7171657085418701
354 1.7142045497894287
355 1.7871861457824707
356 1.6958335638046265
357 1.719476342201233
358 1.7415918111801147
359 1.6913195848464966
360 1.7208787202835083
361 1.7350642681121826
362 1.7258778810501099
363 1.7086308002471924
364 1.7307854890823364
365 1.7167048454284668
366 1.676396131515503
367 1.7146958112716675
368 1.7239400148391724
369 1.7231374979019165
370 1.727095365524292
371 1.7547492980957031
372 1.7549028396606445
373 1.7062219381332397
374 1.7004401683807373
375 1.7800124883651733
376 1.7094731330871582
377 1.7161741256713867
378 1.7462655305862427
379 1.6851959228515625
380 1.7510634660720825
381 1.6843798160552979
382 1.7069592475891113
383 1.7125276327133179
384 1.7129292488098145
385 1.7339073419570923
386 1.7527191638946533
387 1.7380033731460571
388 1.6942570209503174
389 1.6733877658843994
390 1.6735750436782837
391 1.7033878564834595
392 1.7189915180206299
BATCH 2
0 1.7010056972503662
1 1.6873458623886108
2 1.6803725957870483
3 1.7240039110183716
4 1.6918861865997314
5 1.687234878540039
6 1.774407148361206
7 1.7157983779907227
8 1.7040647268295288
9 1.7408990859985352
10 1.6589525938034058
11 1.7208294868469238
12 1.7306948900222778
13 1.6836751699447632
14 1.7074799537658691
15 1.708599328994751
16 1.7449684143066406
17 1.7075655460357666
18 1.7332881689071655
19 1.6683077812194824
20 1.7777167558670044
21 1.7029821872711182
22 1.7457914352416992
23 1.757693886756897
24 1.6787693500518799
25 1.706346869468689
26 1.7366126775741577
27 1.7550712823867798
28 1.7805832624435425
29 1.7544608116149902
30 1.7237300872802734
31 1.68635094165802
32 1.7343847751617432
33 1.7425345182418823
34 1.6915417909622192
35 1.7852438688278198
36 1.6906473636627197
37 1.7174745798110962
38 1.7092392444610596
39 1.7313286066055298
40 1.6992682218551636
41 1.7821568250656128
42 1.7150510549545288
43 1.7112371921539307
44 1.720178246498108
45 1.7165559530258179
46 1.716292142868042
47 1.7618910074234009
48 1.750037670135498
49 1.6649580001831055
50 1.7377349138259888
51 1.7041239738464355
52 1.7473173141479492
53 1.6999640464782715
54 1.7290618419647217
55 1.7309061288833618
56 1.6915982961654663
57 1.708370566368103
58 1.7214823961257935
59 1.7407327890396118
60 1.7132277488708496
61 1.7376524209976196
62 1.738111972808838
63 1.7365525960922241
64 1.7143272161483765
65 1.6953858137130737
66 1.704494833946228
67 1.7361136674880981
68 1.7593083381652832
69 1.6561249494552612
70 1.7089557647705078
71 1.7215394973754883
72 1.773814082145691
73 1.7078349590301514
74 1.723380208015442
75 1.727326512336731
76 1.7061822414398193
77 1.6953859329223633
78 1.706587791442871
79 1.707222819328308
80 1.876882553100586
81 1.7083429098129272
82 1.7331483364105225
83 1.7239435911178589
84 1.699560284614563
85 1.7142221927642822
86 1.720552682876587
87 1.7620763778686523
88 1.6912949085235596
89 1.7289819717407227
90 1.759757399559021
91 1.742971420288086
92 1.7417980432510376
93 1.7153431177139282
94 1.7487719058990479
95 1.7382349967956543
96 1.740821123123169
97 1.655465006828308
98 1.7480452060699463
99 1.732934594154358
100 1.734775185585022
101 1.7565479278564453
102 1.6997390985488892
103 1.6964905261993408
104 1.6931915283203125
105 1.738783359527588
106 1.7010005712509155
107 1.7551777362823486
108 1.702903151512146
109 1.7204866409301758
110 1.7637227773666382
111 1.7138547897338867
112 1.6748520135879517
113 1.7742347717285156
114 1.713887333869934
115 1.7008066177368164
116 1.7169044017791748
117 1.6905828714370728
118 1.7297526597976685
119 1.7587018013000488
120 1.7160940170288086
121 1.7349294424057007
122 1.7169406414031982
123 1.7434762716293335
124 1.6913514137268066
125 1.7380074262619019
126 1.70890474319458
127 1.7281403541564941
128 1.7001311779022217
129 1.7204121351242065
130 1.7306621074676514
131 1.6868058443069458
132 1.7480318546295166
133 1.7036775350570679
134 1.7395113706588745
135 1.6966853141784668
136 1.693737268447876
137 1.7152400016784668
138 1.7153054475784302
139 1.711214303970337
140 1.694168210029602
141 1.7340527772903442
142 1.7307215929031372
143 1.6896419525146484
144 1.691414475440979
145 1.7332890033721924
146 1.7464890480041504
147 1.7142220735549927
148 1.758233666419983
149 1.7892067432403564
150 1.7195464372634888
151 1.7214488983154297
152 1.6976070404052734
153 1.7488714456558228
154 1.7789057493209839
155 1.7295619249343872
156 1.7835341691970825
157 1.7410348653793335
158 1.7344566583633423
159 1.702823281288147
160 1.6180227994918823
161 1.6611889600753784
162 1.715844750404358
163 1.6966440677642822
164 1.6900771856307983
165 1.7898530960083008
166 1.7716038227081299
167 1.7034027576446533
168 1.7196779251098633
169 1.7453956604003906
170 1.6721222400665283
171 1.7094347476959229
172 1.6957805156707764
173 1.7736619710922241
174 1.7578489780426025
175 1.7223788499832153
176 1.7229949235916138
177 1.69608736038208
178 1.687254786491394
179 1.6673436164855957
180 1.7211277484893799
181 1.7520359754562378
182 1.6659092903137207
183 1.7319825887680054
184 1.724793791770935
185 1.7873163223266602
186 1.7120205163955688
187 1.7098618745803833
188 1.7260438203811646
189 1.7321698665618896
190 1.7061972618103027
191 1.72563898563385
192 1.7479050159454346
193 1.6771758794784546
194 1.7228038311004639
195 1.6690565347671509
196 1.7174547910690308
197 1.6618165969848633
198 1.69933021068573
199 1.6627464294433594
200 1.6730540990829468
201 1.705485224723816
202 1.7948105335235596
203 1.696480393409729
204 1.7341443300247192
205 1.7184220552444458
206 1.7224369049072266
207 1.7156180143356323
208 1.7008627653121948
209 1.7141329050064087
210 1.7064123153686523
211 1.6856803894042969
212 1.7504634857177734
213 1.7189610004425049
214 1.721548318862915
215 1.7085038423538208
216 1.7131001949310303
217 1.7036868333816528
218 1.6669789552688599
219 1.7442249059677124
220 1.7381292581558228
221 1.7527573108673096
222 1.671495795249939
223 1.739986538887024
224 1.7428815364837646
225 1.7107139825820923
226 1.6993417739868164
227 1.7257741689682007
228 1.7580548524856567
229 1.682672142982483
230 1.6939857006072998
231 1.68784761428833
232 1.6533581018447876
233 1.7047103643417358
234 1.7259249687194824
235 1.6795157194137573
236 1.7236824035644531
237 1.695311188697815
238 1.7364846467971802
239 1.7269867658615112
240 1.6859335899353027
241 1.679796576499939
242 1.7632591724395752
243 1.7155529260635376
244 1.7040959596633911
245 1.6575109958648682
246 1.689386010169983
247 1.7127617597579956
248 1.6763529777526855
249 1.6849154233932495
250 1.7323418855667114
251 1.7355854511260986
252 1.705870509147644
253 1.6509788036346436
254 1.6309800148010254
255 1.7372926473617554
256 1.7635395526885986
257 1.7343953847885132
258 1.7393698692321777
259 1.7400327920913696
260 1.7322691679000854
261 1.6862167119979858
262 1.7894281148910522
263 1.7257366180419922
264 1.6978116035461426
265 1.7263633012771606
266 1.746187448501587
267 1.6935402154922485
268 1.6823965311050415
269 1.706186294555664
270 1.7144826650619507
271 1.7027608156204224
272 1.6836328506469727
273 1.767904281616211
274 1.7483826875686646
275 1.6903592348098755
276 1.7206580638885498
277 1.615881323814392
278 1.7131847143173218
279 1.6802581548690796
280 1.715633511543274
281 1.7235321998596191
282 1.7189618349075317
283 1.6981475353240967
284 1.704375147819519
285 1.7298572063446045
286 1.6660877466201782
287 1.683701753616333
288 1.7149704694747925
289 1.6826897859573364
290 1.6871451139450073
291 1.7374296188354492
292 1.6870753765106201
293 1.6559382677078247
294 1.728195071220398
295 1.6647292375564575
296 1.7185148000717163
297 1.7166056632995605
298 1.7282904386520386
299 1.706131935119629
300 1.7060675621032715
301 1.7407294511795044
302 1.7493257522583008
303 1.7423245906829834
304 1.7527176141738892
305 1.7036128044128418
306 1.6892335414886475
307 1.6999744176864624
308 1.653106689453125
309 1.7075064182281494
310 1.737290382385254
311 1.6863802671432495
312 1.6826740503311157
313 1.7536648511886597
314 1.7268282175064087
315 1.7225178480148315
316 1.7098631858825684
317 1.6997926235198975
318 1.699034333229065
319 1.7102952003479004
320 1.7349350452423096
321 1.701654076576233
322 1.7250250577926636
323 1.7084137201309204
324 1.7194228172302246
325 1.715169906616211
326 1.71750807762146
327 1.7391893863677979
328 1.7569489479064941
329 1.6753884553909302
330 1.7079668045043945
331 1.695094108581543
332 1.7410998344421387
333 1.7364580631256104
334 1.737367033958435
335 1.698811411857605
336 1.634954571723938
337 1.7284094095230103
338 1.710444688796997
339 1.67811119556427
340 1.6971709728240967
341 1.7831816673278809
342 1.6908458471298218
343 1.7217997312545776
344 1.714160442352295
345 1.6521432399749756
346 1.7309155464172363
347 1.6667957305908203
348 1.7133393287658691
349 1.740789532661438
350 1.7020211219787598
351 1.737030267715454
352 1.7180564403533936
353 1.7102315425872803
354 1.7063452005386353
355 1.7769813537597656
356 1.6837527751922607
357 1.715929388999939
358 1.731656551361084
359 1.6857532262802124
360 1.7141271829605103
361 1.725509762763977
362 1.7191214561462402
363 1.7043979167938232
364 1.7271981239318848
365 1.715905785560608
366 1.6673716306686401
367 1.7125073671340942
368 1.7169243097305298
369 1.714097499847412
370 1.7251595258712769
371 1.7486515045166016
372 1.7451575994491577
373 1.697643756866455
374 1.6945732831954956
375 1.771907091140747
376 1.7060762643814087
377 1.7134084701538086
378 1.7358543872833252
379 1.677568793296814
380 1.7426915168762207
381 1.6765074729919434
382 1.7010045051574707
383 1.703170657157898
384 1.7084078788757324
385 1.7280839681625366
386 1.7470475435256958
387 1.7297143936157227
388 1.6867358684539795
389 1.6660188436508179
390 1.6661076545715332
391 1.6940336227416992
392 1.7116671800613403
BATCH 3
0 1.6941158771514893
1 1.6793534755706787
2 1.6734980344772339
3 1.7193272113800049
4 1.6846548318862915
5 1.682774305343628
6 1.76567804813385
7 1.7085944414138794
8 1.696776032447815
9 1.7338287830352783
10 1.6510279178619385
11 1.7147427797317505
12 1.7277390956878662
13 1.6778231859207153
14 1.6914215087890625
15 1.701419472694397
16 1.73725163936615
17 1.7030082941055298
18 1.7238432168960571
19 1.6579203605651855
20 1.7712116241455078
21 1.6971347332000732
22 1.7370469570159912
23 1.7502069473266602
24 1.6743345260620117
25 1.7008235454559326
26 1.730483889579773
27 1.7345240116119385
28 1.773074746131897
29 1.749898910522461
30 1.717117190361023
31 1.678666591644287
32 1.7243025302886963
33 1.7351216077804565
34 1.685943365097046
35 1.783347249031067
36 1.6815247535705566
37 1.710803508758545
38 1.7057794332504272
39 1.726593017578125
40 1.6969513893127441
41 1.7720140218734741
42 1.7079259157180786
43 1.7071869373321533
44 1.7125658988952637
45 1.706852912902832
46 1.7125197649002075
47 1.758003830909729
48 1.7494218349456787
49 1.6664150953292847
50 1.7337301969528198
51 1.7023919820785522
52 1.7463170289993286
53 1.6958813667297363
54 1.7264864444732666
55 1.7242915630340576
56 1.6887576580047607
57 1.7038990259170532
58 1.7147783041000366
59 1.7356925010681152
60 1.7121267318725586
61 1.7321290969848633
62 1.73328697681427
63 1.7326842546463013
64 1.707010269165039
65 1.689467191696167
66 1.6961027383804321
67 1.7327698469161987
68 1.750264048576355
69 1.6482741832733154
70 1.7056084871292114
71 1.7121449708938599
72 1.767064094543457
73 1.702897310256958
74 1.7187013626098633
75 1.7233754396438599
76 1.6994167566299438
77 1.6914290189743042
78 1.701796531677246
79 1.700264811515808
80 2.022327423095703
81 1.6978353261947632
82 1.7230267524719238
83 1.7141309976577759
84 1.6948251724243164
85 1.711458444595337
86 1.7188125848770142
87 1.7634332180023193
88 1.6838921308517456
89 1.724332571029663
90 1.7509663105010986
91 1.7282358407974243
92 1.7338124513626099
93 1.7076854705810547
94 1.7391489744186401
95 1.7289881706237793
96 1.7368724346160889
97 1.6512751579284668
98 1.7334537506103516
99 1.7286263704299927
100 1.7297991514205933
101 1.7487798929214478
102 1.7288827896118164
103 1.69237220287323
104 1.6858930587768555
105 1.7310913801193237
106 1.6905171871185303
107 1.7573403120040894
108 1.6923848390579224
109 1.7195230722427368
110 1.7638434171676636
111 1.7090963125228882
112 1.6699930429458618
113 1.774048089981079
114 1.7084486484527588
115 1.6961129903793335
116 1.7086080312728882
117 1.6867105960845947
118 1.7208688259124756
119 1.7539104223251343
120 1.7126684188842773
121 1.73054039478302
122 1.7110400199890137
123 1.7360148429870605
124 1.6845266819000244
125 1.737014651298523
126 1.7072241306304932
127 1.7234143018722534
128 1.6965302228927612
129 1.715247631072998
130 1.7269437313079834
131 1.6784648895263672
132 1.7384849786758423
133 1.6975408792495728
134 1.7345483303070068
135 1.6914812326431274
136 1.6861436367034912
137 1.706896185874939
138 1.7105377912521362
139 1.7069002389907837
140 1.6871777772903442
141 1.7313125133514404
142 1.7192251682281494
143 1.6841137409210205
144 1.685824990272522
145 1.7318729162216187
146 1.7441486120224
147 1.7097805738449097
148 1.7515712976455688
149 1.783095359802246
150 1.7120373249053955
151 1.7203878164291382
152 1.6926569938659668
153 1.7391983270645142
154 1.7744336128234863
155 1.7234742641448975
156 1.7735735177993774
157 1.7322536706924438
158 1.7301493883132935
159 1.6949721574783325
160 1.6156800985336304
161 1.6565958261489868
162 1.7106870412826538
163 1.6926186084747314
164 1.6864068508148193
165 1.7852891683578491
166 1.7630951404571533
167 1.6975808143615723
168 1.7152611017227173
169 1.7402268648147583
170 1.6642512083053589
171 1.702197790145874
172 1.6897006034851074
173 1.7700371742248535
174 1.7537736892700195
175 1.71779465675354
176 1.72075617313385
177 1.688846468925476
178 1.6816946268081665
179 1.660249948501587
180 1.713562250137329
181 1.7508565187454224
182 1.6647998094558716
183 1.724185824394226
184 1.7172434329986572
185 1.777327537536621
186 1.7058414220809937
187 1.7028186321258545
188 1.7273005247116089
189 1.7233325242996216
190 1.7067716121673584
191 1.7225090265274048
192 1.740432620048523
193 1.6711828708648682
194 1.7201731204986572
195 1.6672053337097168
196 1.7120014429092407
197 1.6574348211288452
198 1.6937768459320068
199 1.6591650247573853
200 1.668865442276001
201 1.7029023170471191
202 1.7859816551208496
203 1.6929359436035156
204 1.728168249130249
205 1.7141112089157104
206 1.7141362428665161
207 1.706067681312561
208 1.6928790807724
209 1.7053282260894775
210 1.6978845596313477
211 1.6848773956298828
212 1.7468096017837524
213 1.715665340423584
214 1.7132962942123413
215 1.7014485597610474
216 1.7107170820236206
217 1.70346999168396
218 1.660880446434021
219 1.7391186952590942
220 1.7337485551834106
221 1.7402805089950562
222 1.6647874116897583
223 1.732824444770813
224 1.739128589630127
225 1.7046794891357422
226 1.6948859691619873
227 1.7160570621490479
228 1.7462165355682373
229 1.6761115789413452
230 1.6865506172180176
231 1.682903528213501
232 1.6467374563217163
233 1.6992017030715942
234 1.715880036354065
235 1.675238847732544
236 1.7169480323791504
237 1.689224362373352
238 1.7338602542877197
239 1.723362684249878
240 1.6789281368255615
241 1.6750069856643677
242 1.7548834085464478
243 1.712656021118164
244 1.6972628831863403
245 1.65471613407135
246 1.685813546180725
247 1.7114375829696655
248 1.6759387254714966
249 1.6816335916519165
250 1.72368323802948
251 1.7302404642105103
252 1.6984004974365234
253 1.645926833152771
254 1.623777985572815
255 1.7313835620880127
256 1.7551095485687256
257 1.7283568382263184
258 1.7346097230911255
259 1.7359645366668701
260 1.725338101387024
261 1.6851367950439453
262 1.780600666999817
263 1.716183066368103
264 1.6924465894699097
265 1.7218507528305054
266 1.7407079935073853
267 1.6815263032913208
268 1.6779289245605469
269 1.704524040222168
270 1.7042150497436523
271 1.6958348751068115
272 1.676658034324646
273 1.7646104097366333
274 1.7395540475845337
275 1.681912899017334
276 1.7151020765304565
277 1.6168991327285767
278 1.7083889245986938
279 1.6744234561920166
280 1.7103147506713867
281 1.714223027229309
282 1.712218999862671
283 1.695178508758545
284 1.6990514993667603
285 1.7235404253005981
286 1.6596803665161133
287 1.6744556427001953
288 1.7126911878585815
289 1.6756430864334106
290 1.6834707260131836
291 1.7308937311172485
292 1.683133840560913
293 1.6553959846496582
294 1.7202376127243042
295 1.659976601600647
296 1.712241768836975
297 1.7134491205215454
298 1.7230836153030396
299 1.7042295932769775
300 1.7000149488449097
301 1.734031081199646
302 1.7449918985366821
303 1.7425028085708618
304 1.7495712041854858
305 1.7000030279159546
306 1.6805158853530884
307 1.6964638233184814
308 1.650758981704712
309 1.7070170640945435
310 1.7321275472640991
311 1.6809144020080566
312 1.6798431873321533
313 1.7486813068389893
314 1.7215546369552612
315 1.7140560150146484
316 1.7061575651168823
317 1.6879496574401855
318 1.6952446699142456
319 1.701023817062378
320 1.7263177633285522
321 1.694472312927246
322 1.7220655679702759
323 1.7028554677963257
324 1.7118240594863892
325 1.7100223302841187
326 1.715713381767273
327 1.733542561531067
328 1.760298728942871
329 1.6713910102844238
330 1.701425552368164
331 1.6902443170547485
332 1.7373242378234863
333 1.7329529523849487
334 1.72892165184021
335 1.6929086446762085
336 1.631705403327942
337 1.7265764474868774
338 1.702531099319458
339 1.6750785112380981
340 1.6914411783218384
341 1.7786868810653687
342 1.6829153299331665
343 1.71489417552948
344 1.7061285972595215
345 1.6457374095916748
346 1.7261065244674683
347 1.6626278162002563
348 1.7039541006088257
349 1.727691650390625
350 1.6956958770751953
351 1.734830379486084
352 1.7113996744155884
353 1.700183391571045
354 1.7068222761154175
355 1.7771642208099365
356 1.6814663410186768
357 1.7149510383605957
358 1.7278789281845093
359 1.6771345138549805
360 1.7077564001083374
361 1.7116880416870117
362 1.7154982089996338
363 1.6998939514160156
364 1.7230881452560425
365 1.701857328414917
366 1.664933204650879
367 1.7106657028198242
368 1.7162665128707886
369 1.7142579555511475
370 1.7223341464996338
371 1.7431265115737915
372 1.7446832656860352
373 1.6956509351730347
374 1.6866437196731567
375 1.763221025466919
376 1.6979355812072754
377 1.707152009010315
378 1.7327383756637573
379 1.6733521223068237
380 1.737046718597412
381 1.672065019607544
382 1.6988409757614136
383 1.703246831893921
384 1.7029414176940918
385 1.7225923538208008
386 1.7435898780822754
387 1.7209270000457764
388 1.6814119815826416
389 1.6614753007888794
390 1.6588093042373657
391 1.6904836893081665
392 1.7093299627304077
BATCH 4
0 1.688831090927124
1 1.6706629991531372
2 1.6757780313491821
3 1.7160757780075073
4 1.680665373802185
5 1.676697015762329
6 1.7609639167785645
7 1.7048699855804443
8 1.6917120218276978
9 1.7277635335922241
10 1.651395320892334
11 1.7113450765609741
12 1.7249633073806763
13 1.6735436916351318
14 1.6873130798339844
15 1.7009565830230713
16 1.7306190729141235
17 1.6935362815856934
18 1.7180322408676147
19 1.6518070697784424
20 1.7680888175964355
21 1.6907265186309814
22 1.7324069738388062
23 1.7437456846237183
24 1.669858694076538
25 1.6951477527618408
26 1.7244027853012085
27 1.7276897430419922
28 1.7722797393798828
29 1.7414793968200684
30 1.7133448123931885
31 1.6719903945922852
32 1.7195838689804077
33 1.731652021408081
34 1.6774903535842896
35 1.776387095451355
36 1.6740491390228271
37 1.6700326204299927
38 1.7015957832336426
39 1.7296408414840698
40 1.686377763748169
41 1.760107398033142
42 1.7043747901916504
43 1.6974835395812988
44 1.7044044733047485
45 1.6996580362319946
46 1.706018328666687
47 1.7405773401260376
48 1.7405084371566772
49 1.6556077003479004
50 1.7225924730300903
51 1.6904892921447754
52 1.7415465116500854
53 1.6912857294082642
54 1.7167607545852661
55 1.7138781547546387
56 1.683860182762146
57 1.6979111433029175
58 1.7121901512145996
59 1.7327383756637573
60 1.7014682292938232
61 1.7248681783676147
62 1.7271531820297241
63 1.727241039276123
64 1.705318808555603
65 1.685441017150879
66 1.6958861351013184
67 1.7243188619613647
68 1.745397686958313
69 1.6407818794250488
70 1.7028789520263672
71 1.7085950374603271
72 1.7601150274276733
73 1.6962515115737915
74 1.714225172996521
75 1.7192448377609253
76 1.6915801763534546
77 1.687769889831543
78 1.698630690574646
79 1.7022614479064941
80 1.7139211893081665
81 1.6919877529144287
82 1.715901255607605
83 1.7064871788024902
84 1.6867144107818604
85 1.7056221961975098
86 1.7122470140457153
87 1.758504033088684
88 1.6763136386871338
89 1.7205032110214233
90 1.7472774982452393
91 1.718382477760315
92 1.7263039350509644
93 1.702499270439148
94 1.7319562435150146
95 1.7208012342453003
96 1.7286741733551025
97 1.6458499431610107
98 1.726704478263855
99 1.7214621305465698
100 1.7241910696029663
101 1.7459715604782104
102 1.684738039970398
103 1.6880121231079102
104 1.6811240911483765
105 1.7209986448287964
106 1.6851508617401123
107 1.7490915060043335
108 1.6875511407852173
109 1.7085113525390625
110 1.7500340938568115
111 1.702674150466919
112 1.66410231590271
113 1.7702374458312988
114 1.6996062994003296
115 1.6924599409103394
116 1.7007713317871094
117 1.679457426071167
118 1.713212251663208
119 1.7521843910217285
120 1.7046823501586914
121 1.7251025438308716
122 1.7060672044754028
123 1.7303129434585571
124 1.6793969869613647
125 1.728830099105835
126 1.701257586479187
127 1.7160251140594482
128 1.6913871765136719
129 1.706883430480957
130 1.7195111513137817
131 1.6775949001312256
132 1.735643744468689
133 1.6923078298568726
134 1.7256066799163818
135 1.685644507408142
136 1.6799249649047852
137 1.6976655721664429
138 1.7047786712646484
139 1.7045013904571533
140 1.6820415258407593
141 1.7280125617980957
142 1.7141507863998413
143 1.6826869249343872
144 1.6818866729736328
145 1.7270522117614746
146 1.7389589548110962
147 1.6999648809432983
148 1.7462459802627563
149 1.7766872644424438
150 1.7045912742614746
151 1.7123907804489136
152 1.6895935535430908
153 1.7337027788162231
154 1.7669870853424072
155 1.7209278345108032
156 1.7657470703125
157 1.7289423942565918
158 1.7245526313781738
159 1.6862881183624268
160 1.6119991540908813
161 1.6556646823883057
162 1.7036058902740479
163 1.685149908065796
164 1.6830860376358032
165 1.7788474559783936
166 1.7591389417648315
167 1.6882009506225586
168 1.7088000774383545
169 1.7391303777694702
170 1.662632942199707
171 1.6973354816436768
172 1.684096336364746
173 1.761446237564087
174 1.7486387491226196
175 1.7104506492614746
176 1.7136569023132324
177 1.6825240850448608
178 1.6796236038208008
179 1.6544206142425537
180 1.7044599056243896
181 1.7466561794281006
182 1.6602133512496948
183 1.7173163890838623
184 1.7086145877838135
185 1.7667577266693115
186 1.7030352354049683
187 1.7070338726043701
188 1.723301887512207
189 1.7154746055603027
190 1.7088218927383423
191 1.7219271659851074
192 1.7370847463607788
193 1.6683197021484375
194 1.71330726146698
195 1.6635710000991821
196 1.7072808742523193
197 1.6496626138687134
198 1.6910041570663452
199 1.6546125411987305
200 1.6689705848693848
201 1.7050009965896606
202 1.781007170677185
203 1.69234299659729
204 1.7216287851333618
205 1.7095085382461548
206 1.7158677577972412
207 1.702174186706543
208 1.689224362373352
209 1.7050373554229736
210 1.6936354637145996
211 1.6752833127975464
212 1.7380154132843018
213 1.7087342739105225
214 1.710019826889038
215 1.6931593418121338
216 1.7012484073638916
217 1.6935721635818481
218 1.6525893211364746
219 1.7273588180541992
220 1.7279354333877563
221 1.7283827066421509
222 1.65789794921875
223 1.7269037961959839
224 1.7344874143600464
225 1.70039701461792
226 1.6872252225875854
227 1.715670108795166
228 1.735897183418274
229 1.6702336072921753
230 1.6825051307678223
231 1.6766018867492676
232 1.6324795484542847
233 1.6934106349945068
234 1.7111456394195557
235 1.6687464714050293
236 1.711405634880066
237 1.6851744651794434
238 1.7321809530258179
239 1.7217166423797607
240 1.6700952053070068
241 1.6714191436767578
242 1.7452176809310913
243 1.7099390029907227
244 1.6947053670883179
245 1.646437406539917
246 1.6844614744186401
247 1.7080020904541016
248 1.6658945083618164
249 1.6743755340576172
250 1.7159295082092285
251 1.7222609519958496
252 1.6910126209259033
253 1.6389070749282837
254 1.6202472448349
255 1.7248972654342651
256 1.7507779598236084
257 1.725320816040039
258 1.7307429313659668
259 1.7369675636291504
260 1.7152084112167358
261 1.678604006767273
262 1.772736668586731
263 1.7097599506378174
264 1.6853772401809692
265 1.7170968055725098
266 1.7320476770401
267 1.6719733476638794
268 1.679187536239624
269 1.6990097761154175
270 1.7011618614196777
271 1.692030668258667
272 1.6766695976257324
273 1.7554354667663574
274 1.7323569059371948
275 1.680780291557312
276 1.7117054462432861
277 1.6106486320495605
278 1.6993685960769653
279 1.6727489233016968
280 1.7025060653686523
281 1.7066823244094849
282 1.7076640129089355
283 1.688339352607727
284 1.6925623416900635
285 1.716539740562439
286 1.6583585739135742
287 1.664814829826355
288 1.70074462890625
289 1.672534465789795
290 1.6812453269958496
291 1.725808024406433
292 1.6753649711608887
293 1.6494847536087036
294 1.709115982055664
295 1.6535016298294067
296 1.707498550415039
297 1.7048453092575073
298 1.7172365188598633
299 1.7048544883728027
300 1.6923551559448242
301 1.7334322929382324
302 1.7380201816558838
303 1.738144040107727
304 1.743834376335144
305 1.6914169788360596
306 1.676957130432129
307 1.6928516626358032
308 1.6475433111190796
309 1.7045133113861084
310 1.7241233587265015
311 1.6797027587890625
312 1.6760337352752686
313 1.7435429096221924
314 1.7139261960983276
315 1.7029916048049927
316 1.7018272876739502
317 1.6760520935058594
318 1.6847740411758423
319 1.6908879280090332
320 1.7214292287826538
321 1.6872458457946777
322 1.7166539430618286
323 1.6931716203689575
324 1.7086254358291626
325 1.7005536556243896
326 1.7052205801010132
327 1.7321503162384033
328 1.7547242641448975
329 1.6647975444793701
330 1.6922677755355835
331 1.679413914680481
332 1.7196087837219238
333 1.7221943140029907
334 1.7303497791290283
335 1.6861612796783447
336 1.622524619102478
337 1.717130184173584
338 1.6951682567596436
339 1.6684355735778809
340 1.6851226091384888
341 1.7684705257415771
342 1.678063988685608
343 1.711542010307312
344 1.6990015506744385
345 1.6345292329788208
346 1.7173652648925781
347 1.6542526483535767
348 1.6988307237625122
349 1.7233933210372925
350 1.6864614486694336
351 1.7066220045089722
352 1.7069731950759888
353 1.702805995941162
354 1.7030973434448242
355 1.768417239189148
356 1.6732277870178223
357 1.696085810661316
358 1.7199314832687378
359 1.669197678565979
360 1.6925315856933594
361 1.7014788389205933
362 1.6969643831253052
363 1.688631534576416
364 1.7198928594589233
365 1.6908599138259888
366 1.6519745588302612
367 1.7010022401809692
368 1.7107939720153809
369 1.7022289037704468
370 1.7140285968780518
371 1.735809564590454
372 1.7363313436508179
373 1.6880894899368286
374 1.6826112270355225
375 1.7587774991989136
376 1.696742057800293
377 1.7050367593765259
378 1.7294000387191772
379 1.6682270765304565
380 1.72468101978302
381 1.664559245109558
382 1.6868451833724976
383 1.6960639953613281
384 1.6958730220794678
385 1.7167675495147705
386 1.739871859550476
387 1.7186875343322754
388 1.673818588256836
389 1.6536649465560913
390 1.6475869417190552
391 1.6853201389312744
392 1.7036734819412231
BATCH 5
0 1.677026391029358
1 1.6603840589523315
2 1.6687339544296265
3 1.7048392295837402
4 1.6741509437561035
5 1.6647101640701294
6 1.7510499954223633
7 1.6897220611572266
8 1.691455364227295
9 1.715842366218567
10 1.6484004259109497
11 1.699117660522461
12 1.714095950126648
13 1.667771339416504
14 1.6786484718322754
15 1.6897350549697876
16 1.7227169275283813
17 1.6864359378814697
18 1.7118682861328125
19 1.6530762910842896
20 1.761867642402649
21 1.6860814094543457
22 1.7227829694747925
23 1.7383784055709839
24 1.659472942352295
25 1.6841827630996704
26 1.7103532552719116
27 1.7181013822555542
28 1.755684494972229
29 1.732767939567566
30 1.7084057331085205
31 1.6643850803375244
32 1.704931378364563
33 1.7280230522155762
34 1.6733454465866089
35 1.7620898485183716
36 1.6681222915649414
37 1.6909061670303345
38 1.7107131481170654
39 1.7453796863555908
40 1.676369071006775
41 1.748075246810913
42 1.7018461227416992
43 1.7016942501068115
44 1.7051329612731934
45 1.698122262954712
46 1.7018531560897827
47 1.7331764698028564
48 1.7425503730773926
49 1.6532771587371826
50 1.71468186378479
51 1.6859387159347534
52 1.7398858070373535
53 1.6882128715515137
54 1.7117234468460083
55 1.703937292098999
56 1.6814448833465576
57 1.6863309144973755
58 1.7106441259384155
59 1.7214869260787964
60 1.6897002458572388
61 1.7271875143051147
62 1.7238515615463257
63 1.7219979763031006
64 1.7023028135299683
65 1.6890450716018677
66 1.6891624927520752
67 1.7179638147354126
68 1.7409210205078125
69 1.629075288772583
70 1.695776104927063
71 1.6996687650680542
72 1.753310203552246
73 1.6913034915924072
74 1.7106165885925293
75 1.7096059322357178
76 1.6855828762054443
77 1.6839085817337036
78 1.6876962184906006
79 1.6931055784225464
80 1.7040146589279175
81 1.690025806427002
82 1.7100526094436646
83 1.69596529006958
84 1.6818679571151733
85 1.6960760354995728
86 1.7018988132476807
87 1.7450660467147827
88 1.671442985534668
89 1.710067629814148
90 1.7359330654144287
91 1.7125014066696167
92 1.72024405002594
93 1.6922577619552612
94 1.7197599411010742
95 1.7079169750213623
96 1.7211140394210815
97 1.6419587135314941
98 1.7192516326904297
99 1.7082273960113525
100 1.7150061130523682
101 1.737667202949524
102 1.6751482486724854
103 1.6826691627502441
104 1.6781152486801147
105 1.710909366607666
106 1.6768354177474976
107 1.7464375495910645
108 1.6743658781051636
109 1.703560471534729
110 1.7377036809921265
111 1.6929675340652466
112 1.6540789604187012
113 1.7573965787887573
114 1.6949714422225952
115 1.6771297454833984
116 1.6940672397613525
117 1.6796451807022095
118 1.703977346420288
119 1.7403697967529297
120 1.6987791061401367
121 1.7126928567886353
122 1.6976912021636963
123 1.7208479642868042
124 1.6713056564331055
125 1.7208740711212158
126 1.6959809064865112
127 1.7071694135665894
128 1.6800168752670288
129 1.69825279712677
130 1.7155369520187378
131 1.6724194288253784
132 1.7310501337051392
133 1.683470368385315
134 1.7097907066345215
135 1.6821424961090088
136 1.6739896535873413
137 1.688731074333191
138 1.6896696090698242
139 1.6951946020126343
140 1.6830570697784424
141 1.7207213640213013
142 1.6999328136444092
143 1.6756060123443604
144 1.6752296686172485
145 1.7108772993087769
146 1.7272082567214966
147 1.6938257217407227
148 1.7363542318344116
149 1.776562213897705
150 1.6896464824676514
151 1.703189730644226
152 1.6802445650100708
153 1.7233842611312866
154 1.7605723142623901
155 1.7126582860946655
156 1.759548306465149
157 1.719380259513855
158 1.7156140804290771
159 1.6733485460281372
160 1.6011848449707031
161 1.6448781490325928
162 1.6959705352783203
163 1.6819576025009155
164 1.6813056468963623
165 1.7680906057357788
166 1.7524906396865845
167 1.680662751197815
168 1.7056297063827515
169 1.7286289930343628
170 1.652642011642456
171 1.6882948875427246
172 1.6825827360153198
173 1.7575432062149048
174 1.7332135438919067
175 1.71257746219635
176 1.7136127948760986
177 1.678351640701294
178 1.6754897832870483
179 1.6401060819625854
180 1.6926252841949463
181 1.74097740650177
182 1.654215693473816
183 1.7100210189819336
184 1.6965045928955078
185 1.7549713850021362
186 1.6988794803619385
187 1.695448637008667
188 1.7111438512802124
189 1.701827883720398
190 1.7025965452194214
191 1.707902193069458
192 1.7286430597305298
193 1.660991907119751
194 1.7011040449142456
195 1.6570544242858887
196 1.692557692527771
197 1.6448314189910889
198 1.6734529733657837
199 1.6498894691467285
200 1.6599336862564087
201 1.691946029663086
202 1.7734014987945557
203 1.6805777549743652
204 1.7105385065078735
205 1.700144648551941
206 1.7110261917114258
207 1.687611699104309
208 1.678104043006897
209 1.69246244430542
210 1.6869604587554932
211 1.663130283355713
212 1.7233308553695679
213 1.7048733234405518
214 1.6911380290985107
215 1.6849795579910278
216 1.6944867372512817
217 1.6859601736068726
218 1.6414927244186401
219 1.7162156105041504
220 1.717659592628479
221 1.7191905975341797
222 1.652838110923767
223 1.7186223268508911
224 1.7197691202163696
225 1.6861802339553833
226 1.6798453330993652
227 1.7026325464248657
228 1.7184906005859375
229 1.6604670286178589
230 1.6756033897399902
231 1.6683790683746338
232 1.6324154138565063
233 1.6897650957107544
234 1.7041711807250977
235 1.6652700901031494
236 1.7053474187850952
237 1.6801960468292236
238 1.7261922359466553
239 1.718494176864624
240 1.659759759902954
241 1.6637046337127686
242 1.7329531908035278
243 1.6973575353622437
244 1.6862518787384033
245 1.6315244436264038
246 1.6806501150131226
247 1.6968179941177368
248 1.65861976146698
249 1.669278621673584
250 1.7088909149169922
251 1.7122275829315186
252 1.6773276329040527
253 1.6258538961410522
254 1.6120747327804565
255 1.7171196937561035
256 1.7433971166610718
257 1.7190436124801636
258 1.7194368839263916
259 1.720686435699463
260 1.709584355354309
261 1.6698130369186401
262 1.7741011381149292
263 1.7067288160324097
264 1.680491328239441
265 1.7007594108581543
266 1.7209289073944092
267 1.659071922302246
268 1.6698966026306152
269 1.6899182796478271
270 1.695095181465149
271 1.6851223707199097
272 1.670323371887207
273 1.7499746084213257
274 1.7168042659759521
275 1.6646320819854736
276 1.7051751613616943
277 1.6046178340911865
278 1.6825121641159058
279 1.6685577630996704
280 1.7040562629699707
281 1.6969482898712158
282 1.6960222721099854
283 1.6800061464309692
284 1.6882081031799316
285 1.6957155466079712
286 1.6538848876953125
287 1.6565488576889038
288 1.6880052089691162
289 1.6620218753814697
290 1.6749470233917236
291 1.7176909446716309
292 1.6624726057052612
293 1.6368894577026367
294 1.6976227760314941
295 1.6487969160079956
296 1.7086379528045654
297 1.6844884157180786
298 1.7031364440917969
299 1.6909363269805908
300 1.6842995882034302
301 1.7299305200576782
302 1.7233262062072754
303 1.7252681255340576
304 1.7349658012390137
305 1.6851712465286255
306 1.6720726490020752
307 1.6945408582687378
308 1.6395360231399536
309 1.7027469873428345
310 1.7169541120529175
311 1.670386791229248
312 1.6714547872543335
313 1.7384904623031616
314 1.7089502811431885
315 1.6951825618743896
316 1.6857173442840576
317 1.665614128112793
318 1.6718450784683228
319 1.6759926080703735
320 1.713958501815796
321 1.6735478639602661
322 1.7022407054901123
323 1.6809115409851074
324 1.698875069618225
325 1.6884957551956177
326 1.6899574995040894
327 1.720251441001892
328 1.7494230270385742
329 1.6464112997055054
330 1.679214596748352
331 1.6735655069351196
332 1.7012535333633423
333 1.7139244079589844
334 1.7191567420959473
335 1.6782176494598389
336 1.6109216213226318
337 1.7025331258773804
338 1.6855418682098389
339 1.6541409492492676
340 1.6799836158752441
341 1.7558860778808594
342 1.6722642183303833
343 1.7025973796844482
344 1.6964457035064697
345 1.6298272609710693
346 1.7036855220794678
347 1.6531676054000854
348 1.6904536485671997
349 1.712385892868042
350 1.6826190948486328
351 1.6912405490875244
352 1.6922968626022339
353 1.6912100315093994
354 1.6874462366104126
355 1.758732795715332
356 1.6565672159194946
357 1.6860660314559937
358 1.7081862688064575
359 1.6608353853225708
360 1.681879997253418
361 1.6769732236862183
362 1.681570291519165
363 1.6772117614746094
364 1.716977596282959
365 1.6789848804473877
366 1.638100028038025
367 1.681381106376648
368 1.7018309831619263
369 1.6891148090362549
370 1.7015416622161865
371 1.7336276769638062
372 1.7186838388442993
373 1.6809250116348267
374 1.6725037097930908
375 1.7365092039108276
376 1.687308669090271
377 1.7002995014190674
378 1.7112103700637817
379 1.6560721397399902
380 1.7127643823623657
381 1.652319073677063
382 1.6739517450332642
383 1.6836156845092773
384 1.6909005641937256
385 1.699704885482788
386 1.7291656732559204
387 1.713126301765442
388 1.6624709367752075
389 1.6466392278671265
390 1.6361668109893799
391 1.6782846450805664
392 1.6886935234069824
BATCH 6
0 1.664786458015442
1 1.6570940017700195
2 1.6612247228622437
3 1.692535161972046
4 1.664085865020752
5 1.6592367887496948
6 1.7469607591629028
7 1.6819690465927124
8 1.6823803186416626
9 1.7084087133407593
10 1.6388537883758545
11 1.69058096408844
12 1.7068692445755005
13 1.662365198135376
14 1.667150855064392
15 1.687089204788208
16 1.7138522863388062
17 1.6773555278778076
18 1.6977814435958862
19 1.6453865766525269
20 1.7539769411087036
21 1.672648310661316
22 1.709857702255249
23 1.7290301322937012
24 1.6458574533462524
25 1.6776705980300903
26 1.6925532817840576
27 1.700059175491333
28 1.7421469688415527
29 1.7277252674102783
30 1.704323649406433
31 1.6529203653335571
32 1.6969151496887207
33 1.715000867843628
34 1.6685603857040405
35 1.75040864944458
36 1.668396234512329
37 1.7159677743911743
38 1.6927883625030518
39 1.7121326923370361
40 1.6645644903182983
41 1.7484900951385498
42 1.695611596107483
43 1.6913633346557617
44 1.6871055364608765
45 1.6881529092788696
46 1.6922893524169922
47 1.721486210823059
48 1.725606918334961
49 1.639694094657898
50 1.7047334909439087
51 1.680027961730957
52 1.726546049118042
53 1.6844505071640015
54 1.7090508937835693
55 1.6872669458389282
56 1.6717047691345215
57 1.6649971008300781
58 1.7027860879898071
59 1.7153127193450928
60 1.681972622871399
61 1.7240139245986938
62 1.7205520868301392
63 1.7198926210403442
64 1.6843738555908203
65 1.6790368556976318
66 1.6894274950027466
67 1.7114874124526978
68 1.7356477975845337
69 1.6283518075942993
70 1.6795815229415894
71 1.6915042400360107
72 1.7509524822235107
73 1.692195177078247
74 1.7063055038452148
75 1.7033690214157104
76 1.6759507656097412
77 1.677762508392334
78 1.6825546026229858
79 1.673484444618225
80 1.718809723854065
81 1.682091236114502
82 1.7079968452453613
83 1.6842937469482422
84 1.6701364517211914
85 1.6860692501068115
86 1.6915794610977173
87 1.7405462265014648
88 1.660799264907837
89 1.7009903192520142
90 1.7247822284698486
91 1.6996694803237915
92 1.7158392667770386
93 1.6894774436950684
94 1.7137916088104248
95 1.7047778367996216
96 1.714078426361084
97 1.635571002960205
98 1.7041326761245728
99 1.6987133026123047
100 1.7073200941085815
101 1.7260576486587524
102 1.6632370948791504
103 1.6675668954849243
104 1.6729426383972168
105 1.7093868255615234
106 1.66684889793396
107 1.735920786857605
108 1.6669018268585205
109 1.6984156370162964
110 1.7248787879943848
111 1.6862558126449585
112 1.6419320106506348
113 1.743626594543457
114 1.6864053010940552
115 1.664905071258545
116 1.6847872734069824
117 1.681548833847046
118 1.6921249628067017
119 1.7174534797668457
120 1.6917717456817627
121 1.7006113529205322
122 1.6940839290618896
123 1.7049494981765747
124 1.6613414287567139
125 1.7085617780685425
126 1.6896750926971436
127 1.7032639980316162
128 1.6669248342514038
129 1.6797953844070435
130 1.703387975692749
131 1.6584283113479614
132 1.7126332521438599
133 1.6700037717819214
134 1.7071119546890259
135 1.6729865074157715
136 1.6628209352493286
137 1.6795355081558228
138 1.6777347326278687
139 1.6849281787872314
140 1.672368049621582
141 1.7102134227752686
142 1.6964142322540283
143 1.6738704442977905
144 1.6657732725143433
145 1.6999175548553467
146 1.7226556539535522
147 1.6764092445373535
148 1.7256113290786743
149 1.7647912502288818
150 1.6760387420654297
151 1.68857741355896
152 1.6720507144927979
153 1.7202298641204834
154 1.7569708824157715
155 1.7005573511123657
156 1.7477947473526
157 1.7200400829315186
158 1.7071932554244995
159 1.6647566556930542
160 1.5936750173568726
161 1.6384575366973877
162 1.688350796699524
163 1.6714990139007568
164 1.6765446662902832
165 1.757485270500183
166 1.7404835224151611
167 1.6684777736663818
168 1.692796230316162
169 1.7204421758651733
170 1.6487867832183838
171 1.6716326475143433
172 1.6699482202529907
173 1.7492228746414185
174 1.7196990251541138
175 1.702120304107666
176 1.7043441534042358
177 1.6638083457946777
178 1.6668089628219604
179 1.6263773441314697
180 1.6852422952651978
181 1.7303650379180908
182 1.6450870037078857
183 1.7007449865341187
184 1.6888340711593628
185 1.7437853813171387
186 1.6920865774154663
187 1.6864309310913086
188 1.7071661949157715
189 1.6933947801589966
190 1.6980024576187134
191 1.7016721963882446
192 1.7144854068756104
193 1.6564494371414185
194 1.6914786100387573
195 1.6464879512786865
196 1.6883821487426758
197 1.6452938318252563
198 1.6647045612335205
199 1.6446192264556885
200 1.6528797149658203
201 1.6884437799453735
202 1.7619692087173462
203 1.6754556894302368
204 1.6988048553466797
205 1.6890814304351807
206 1.7057710886001587
207 1.674881100654602
208 1.6725752353668213
209 1.678973913192749
210 1.683593988418579
211 1.6652921438217163
212 1.7228765487670898
213 1.6988646984100342
214 1.6876747608184814
215 1.6823885440826416
216 1.6852591037750244
217 1.6837432384490967
218 1.6403906345367432
219 1.7059563398361206
220 1.7110220193862915
221 1.7137190103530884
222 1.6480706930160522
223 1.708318829536438
224 1.7124322652816772
225 1.6763689517974854
226 1.6771512031555176
227 1.6958719491958618
228 1.7016457319259644
229 1.6548842191696167
230 1.6678084135055542
231 1.6613953113555908
232 1.6251168251037598
233 1.688815712928772
234 1.6966898441314697
235 1.6584446430206299
236 1.7018277645111084
237 1.6735694408416748
238 1.7082806825637817
239 1.7136993408203125
240 1.6617279052734375
241 1.6556968688964844
242 1.7189123630523682
243 1.6900643110275269
244 1.6790634393692017
245 1.628580093383789
246 1.6734023094177246
247 1.6844990253448486
248 1.6554752588272095
249 1.6610702276229858
250 1.700549840927124
251 1.7051206827163696
252 1.6715165376663208
253 1.6182771921157837
254 1.6040016412734985
255 1.7065348625183105
256 1.734847903251648
257 1.7134019136428833
258 1.7088812589645386
259 1.7047946453094482
260 1.701714277267456
261 1.6543493270874023
262 1.7713509798049927
263 1.7045711278915405
264 1.6746455430984497
265 1.6942311525344849
266 1.7153793573379517
267 1.6537024974822998
268 1.6600615978240967
269 1.68227219581604
270 1.6815011501312256
271 1.6747980117797852
272 1.6647589206695557
273 1.7491304874420166
274 1.7098979949951172
275 1.6503175497055054
276 1.7012245655059814
277 1.6022732257843018
278 1.6745595932006836
279 1.6660047769546509
280 1.6938620805740356
281 1.689247727394104
282 1.6880707740783691
283 1.6719077825546265
284 1.6795969009399414
285 1.6890757083892822
286 1.6472669839859009
287 1.6502925157546997
288 1.6837180852890015
289 1.651872992515564
290 1.6691926717758179
291 1.718177318572998
292 1.6545408964157104
293 1.6315606832504272
294 1.6883553266525269
295 1.6433236598968506
296 1.6990221738815308
297 1.6782387495040894
298 1.6886570453643799
299 1.6805425882339478
300 1.677819013595581
301 1.7204943895339966
302 1.7143946886062622
303 1.7141326665878296
304 1.7223589420318604
305 1.6776691675186157
306 1.665189504623413
307 1.6895654201507568
308 1.6339970827102661
309 1.6964479684829712
310 1.7122927904129028
311 1.662801742553711
312 1.6668143272399902
313 1.7296797037124634
314 1.6985732316970825
315 1.6887472867965698
316 1.6794794797897339
317 1.6565232276916504
318 1.6661673784255981
319 1.6651729345321655
320 1.7081310749053955
321 1.6682528257369995
322 1.701981782913208
323 1.6766630411148071
324 1.6998564004898071
325 1.6795611381530762
326 1.6843485832214355
327 1.7122291326522827
328 1.7420283555984497
329 1.6452128887176514
330 1.6734787225723267
331 1.6668143272399902
332 1.6960989236831665
333 1.7069424390792847
334 1.7119721174240112
335 1.6694748401641846
336 1.607994794845581
337 1.695448637008667
338 1.6812539100646973
339 1.643031120300293
340 1.6757899522781372
341 1.74357008934021
342 1.6649234294891357
343 1.6921494007110596
344 1.691992163658142
345 1.6214933395385742
346 1.6958879232406616
347 1.6494218111038208
348 1.6879791021347046
349 1.7107679843902588
350 1.6804670095443726
351 1.6852666139602661
352 1.6830816268920898
353 1.6834263801574707
354 1.6765393018722534
355 1.753685474395752
356 1.6475869417190552
357 1.682360053062439
358 1.6986584663391113
359 1.6580122709274292
360 1.675157070159912
361 1.681174397468567
362 1.6803920269012451
363 1.6709680557250977
364 1.7077025175094604
365 1.6871463060379028
366 1.631818413734436
367 1.6721655130386353
368 1.6956048011779785
369 1.6779060363769531
370 1.6888264417648315
371 1.7282700538635254
372 1.7054295539855957
373 1.6748807430267334
374 1.6695060729980469
375 1.728730320930481
376 1.685897707939148
377 1.6944509744644165
378 1.7090803384780884
379 1.647615909576416
380 1.7057472467422485
381 1.6471943855285645
382 1.6714037656784058
383 1.6787550449371338
384 1.6892937421798706
385 1.6912060976028442
386 1.7142966985702515
387 1.712770700454712
388 1.6587953567504883
389 1.6438850164413452
390 1.6341524124145508
391 1.6688125133514404
392 1.678650975227356
BATCH 7
0 1.6515264511108398
1 1.648380160331726
2 1.6519747972488403
3 1.6955305337905884
4 1.6558376550674438
5 1.6539280414581299
6 1.7407935857772827
7 1.6772716045379639
8 1.6740974187850952
9 1.7046767473220825
10 1.6319366693496704
11 1.6848503351211548
12 1.7011077404022217
13 1.6580649614334106
14 1.6633334159851074
15 1.685652256011963
16 1.7071638107299805
17 1.6718913316726685
18 1.6884845495224
19 1.6431304216384888
20 1.7470083236694336
21 1.6610877513885498
22 1.701741337776184
23 1.7207067012786865
24 1.6352171897888184
25 1.6734201908111572
26 1.6916977167129517
27 1.6820790767669678
28 1.7337785959243774
29 1.7231987714767456
30 1.6968865394592285
31 1.6489346027374268
32 1.6917144060134888
33 1.7048699855804443
34 1.6635617017745972
35 1.7439610958099365
36 1.6617485284805298
37 1.6405799388885498
38 1.6849194765090942
39 1.6984182596206665
40 1.6550567150115967
41 1.7301326990127563
42 1.6925554275512695
43 1.6835392713546753
44 1.6841052770614624
45 1.685132622718811
46 1.685084581375122
47 1.7125612497329712
48 1.7186750173568726
49 1.6354129314422607
50 1.6955064535140991
51 1.6754988431930542
52 1.7192003726959229
53 1.6761724948883057
54 1.7025295495986938
55 1.6775034666061401
56 1.6591835021972656
57 1.663798451423645
58 1.6964229345321655
59 1.7068297863006592
60 1.6684495210647583
61 1.7162734270095825
62 1.7135498523712158
63 1.7157957553863525
64 1.6755154132843018
65 1.6707241535186768
66 1.6804178953170776
67 1.7094924449920654
68 1.7297481298446655
69 1.6171985864639282
70 1.675354242324829
71 1.6872791051864624
72 1.7449051141738892
73 1.6857366561889648
74 1.7010797262191772
75 1.6876276731491089
76 1.6734178066253662
77 1.6772496700286865
78 1.6741976737976074
79 1.666853666305542
80 1.694064736366272
81 1.6688085794448853
82 1.7006596326828003
83 1.6801812648773193
84 1.6646827459335327
85 1.6816737651824951
86 1.6841034889221191
87 1.7358256578445435
88 1.6582989692687988
89 1.6929235458374023
90 1.7228628396987915
91 1.6945912837982178
92 1.7107192277908325
93 1.680760145187378
94 1.706814169883728
95 1.6944507360458374
96 1.7070908546447754
97 1.6364960670471191
98 1.7050883769989014
99 1.6924275159835815
100 1.6972401142120361
101 1.7226897478103638
102 1.6602874994277954
103 1.6634608507156372
104 1.66094172000885
105 1.6999770402908325
106 1.6638596057891846
107 1.7305837869644165
108 1.659345269203186
109 1.6891741752624512
110 1.7176369428634644
111 1.6830036640167236
112 1.6340910196304321
113 1.7371493577957153
114 1.6835118532180786
115 1.6572678089141846
116 1.6796573400497437
117 1.6760708093643188
118 1.6776578426361084
119 1.7097052335739136
120 1.6859632730484009
121 1.6918693780899048
122 1.6933902502059937
123 1.6952325105667114
124 1.6462184190750122
125 1.6978925466537476
126 1.6839017868041992
127 1.6944445371627808
128 1.6605342626571655
129 1.66672945022583
130 1.697670340538025
131 1.6573150157928467
132 1.7062172889709473
133 1.6657066345214844
134 1.7013914585113525
135 1.6733139753341675
136 1.6620067358016968
137 1.6837583780288696
138 1.6748802661895752
139 1.6792136430740356
140 1.6689331531524658
141 1.699668049812317
142 1.6925562620162964
143 1.6642147302627563
144 1.6598860025405884
145 1.6898988485336304
146 1.7170242071151733
147 1.674857258796692
148 1.7244805097579956
149 1.760806679725647
150 1.6789648532867432
151 1.6836724281311035
152 1.665440559387207
153 1.7112770080566406
154 1.7495630979537964
155 1.697205901145935
156 1.7403819561004639
157 1.7114624977111816
158 1.702829122543335
159 1.6572613716125488
160 1.5897434949874878
161 1.633971929550171
162 1.6770668029785156
163 1.6691893339157104
164 1.671741247177124
165 1.750617504119873
166 1.736014485359192
167 1.6580004692077637
168 1.6827781200408936
169 1.708040714263916
170 1.6441487073898315
171 1.665282964706421
172 1.664273738861084
173 1.73967707157135
174 1.7119191884994507
175 1.6982982158660889
176 1.695184588432312
177 1.6531736850738525
178 1.6644234657287598
179 1.6203432083129883
180 1.6770787239074707
181 1.7189202308654785
182 1.6396276950836182
183 1.7004311084747314
184 1.6853498220443726
185 1.737882375717163
186 1.689536690711975
187 1.688270092010498
188 1.6989623308181763
189 1.683138132095337
190 1.6924856901168823
191 1.6959089040756226
192 1.7061793804168701
193 1.6471152305603027
194 1.6855815649032593
195 1.6413601636886597
196 1.68230402469635
197 1.6359069347381592
198 1.6551902294158936
199 1.6400314569473267
200 1.6485079526901245
201 1.6810065507888794
202 1.7576009035110474
203 1.6696381568908691
204 1.6959134340286255
205 1.6847935914993286
206 1.699113368988037
207 1.6683776378631592
208 1.662610650062561
209 1.6771025657653809
210 1.6805685758590698
211 1.656286597251892
212 1.7151603698730469
213 1.6941899061203003
214 1.6857491731643677
215 1.6776164770126343
216 1.6811842918395996
217 1.6809172630310059
218 1.6325348615646362
219 1.700541615486145
220 1.706451654434204
221 1.7072025537490845
222 1.6429688930511475
223 1.6989097595214844
224 1.702689528465271
225 1.672621488571167
226 1.6721314191818237
227 1.6879702806472778
228 1.6969325542449951
229 1.6524550914764404
230 1.6553728580474854
231 1.6553590297698975
232 1.6219542026519775
233 1.6862084865570068
234 1.6915485858917236
235 1.6608513593673706
236 1.688528299331665
237 1.6697455644607544
238 1.706139326095581
239 1.7048219442367554
240 1.644520878791809
241 1.6548888683319092
242 1.7141153812408447
243 1.6867783069610596
244 1.6747276782989502
245 1.6230026483535767
246 1.6705875396728516
247 1.6859993934631348
248 1.6511648893356323
249 1.6551403999328613
250 1.7000658512115479
251 1.6907719373703003
252 1.662667155265808
253 1.6136988401412964
254 1.6008174419403076
255 1.6978563070297241
256 1.732548713684082
257 1.704318642616272
258 1.7046796083450317
259 1.7022839784622192
260 1.6952348947525024
261 1.6498664617538452
262 1.763160228729248
263 1.699856162071228
264 1.6692242622375488
265 1.6890003681182861
266 1.7062314748764038
267 1.6502372026443481
268 1.6541682481765747
269 1.670382022857666
270 1.671178936958313
271 1.666785478591919
272 1.6634738445281982
273 1.7471894025802612
274 1.7084639072418213
275 1.6446661949157715
276 1.69350266456604
277 1.603992223739624
278 1.673234224319458
279 1.6648640632629395
280 1.683432698249817
281 1.681371808052063
282 1.6872828006744385
283 1.671263575553894
284 1.671388030052185
285 1.6820522546768188
286 1.643749713897705
287 1.6400824785232544
288 1.6799201965332031
289 1.646872639656067
290 1.6627657413482666
291 1.7113999128341675
292 1.6432220935821533
293 1.6258081197738647
294 1.6784483194351196
295 1.6426583528518677
296 1.69114351272583
297 1.671850562095642
298 1.6862961053848267
299 1.674384593963623
300 1.6714435815811157
301 1.720632553100586
302 1.7076520919799805
303 1.718692660331726
304 1.7181671857833862
305 1.6755974292755127
306 1.6627143621444702
307 1.6814684867858887
308 1.6286014318466187
309 1.6910009384155273
310 1.70773184299469
311 1.6593788862228394
312 1.6648473739624023
313 1.7237545251846313
314 1.692452311515808
315 1.6805130243301392
316 1.6715983152389526
317 1.6337894201278687
318 1.6613333225250244
319 1.6556884050369263
320 1.695082664489746
321 1.6651533842086792
322 1.696431279182434
323 1.6696308851242065
324 1.6990963220596313
325 1.6746792793273926
326 1.6828166246414185
327 1.7112210988998413
328 1.7350802421569824
329 1.640931487083435
330 1.671101450920105
331 1.6635500192642212
332 1.6955794095993042
333 1.7033607959747314
334 1.7002214193344116
335 1.6656962633132935
336 1.6087045669555664
337 1.6863727569580078
338 1.67189621925354
339 1.6340054273605347
340 1.6735360622406006
341 1.7389142513275146
342 1.666488528251648
343 1.6822609901428223
344 1.682662010192871
345 1.6201231479644775
346 1.6927895545959473
347 1.6468822956085205
348 1.6842131614685059
349 1.7073206901550293
350 1.6734960079193115
351 1.6869513988494873
352 1.674200415611267
353 1.6704760789871216
354 1.6731668710708618
355 1.7513586282730103
356 1.6410562992095947
357 1.6819719076156616
358 1.691809892654419
359 1.65102219581604
360 1.6686936616897583
361 1.6709563732147217
362 1.6752979755401611
363 1.6671342849731445
364 1.7017885446548462
365 1.6696786880493164
366 1.6259440183639526
367 1.6642823219299316
368 1.6882340908050537
369 1.6704473495483398
370 1.6833595037460327
371 1.7206166982650757
372 1.7043836116790771
373 1.6727732419967651
374 1.6593223810195923
375 1.723656415939331
376 1.6774208545684814
377 1.6896860599517822
378 1.6980544328689575
379 1.642615556716919
380 1.69949209690094
381 1.6362347602844238
382 1.669097900390625
383 1.6692655086517334
384 1.6815361976623535
385 1.6858223676681519
386 1.715012550354004
387 1.699286937713623
388 1.653977870941162
389 1.642671823501587
390 1.6301259994506836
391 1.6602131128311157
392 1.6697596311569214
BATCH 8
0 1.6440733671188354
1 1.649286150932312
2 1.646095871925354
3 1.687642216682434
4 1.6503233909606934
5 1.6496683359146118
6 1.7404004335403442
7 1.667343020439148
8 1.6717745065689087
9 1.7045481204986572
10 1.6275898218154907
11 1.6790785789489746
12 1.6953009366989136
13 1.649173617362976
14 1.6539220809936523
15 1.6834057569503784
16 1.7035986185073853
17 1.6702624559402466
18 1.6871891021728516
19 1.6409127712249756
20 1.7427363395690918
21 1.657676100730896
22 1.6957541704177856
23 1.7136176824569702
24 1.6307214498519897
25 1.664871335029602
26 1.6880497932434082
27 1.6872501373291016
28 1.7313268184661865
29 1.7112184762954712
30 1.686334490776062
31 1.6483652591705322
32 1.6889076232910156
33 1.701177954673767
34 1.6548150777816772
35 1.7468339204788208
36 1.6553767919540405
37 1.6176737546920776
38 1.6758919954299927
39 1.6979362964630127
40 1.6576251983642578
41 1.7271472215652466
42 1.6841777563095093
43 1.6760178804397583
44 1.6789355278015137
45 1.675667405128479
46 1.6808456182479858
47 1.7052072286605835
48 1.7194793224334717
49 1.6339715719223022
50 1.6898226737976074
51 1.6683566570281982
52 1.7114510536193848
53 1.6717385053634644
54 1.6948190927505493
55 1.6722296476364136
56 1.653550386428833
57 1.6557819843292236
58 1.6868188381195068
59 1.7022749185562134
60 1.6605356931686401
61 1.710917592048645
62 1.7101505994796753
63 1.7141438722610474
64 1.6672180891036987
65 1.6591445207595825
66 1.6656577587127686
67 1.7053433656692505
68 1.7245745658874512
69 1.6177273988723755
70 1.6716355085372925
71 1.6821399927139282
72 1.735877513885498
73 1.6791939735412598
74 1.7011663913726807
75 1.675034761428833
76 1.6633620262145996
77 1.6678268909454346
78 1.666603446006775
79 1.6600518226623535
80 1.6874028444290161
81 1.669388771057129
82 1.6938966512680054
83 1.673360824584961
84 1.6549791097640991
85 1.6750439405441284
86 1.6797820329666138
87 1.721807599067688
88 1.6479419469833374
89 1.6916130781173706
90 1.7172642946243286
91 1.6957377195358276
92 1.7020052671432495
93 1.6728590726852417
94 1.698959231376648
95 1.6892846822738647
96 1.7027980089187622
97 1.6254934072494507
98 1.6996527910232544
99 1.6832259893417358
100 1.6912775039672852
101 1.715262532234192
102 1.6547138690948486
103 1.6531707048416138
104 1.6663141250610352
105 1.696461796760559
106 1.6585952043533325
107 1.7286128997802734
108 1.6532621383666992
109 1.6902166604995728
110 1.7096198797225952
111 1.6778907775878906
112 1.6331316232681274
113 1.7303980588912964
114 1.6794533729553223
115 1.6512119770050049
116 1.677108645439148
117 1.6725072860717773
118 1.6721080541610718
119 1.7031131982803345
120 1.679469347000122
121 1.6844416856765747
122 1.6919080018997192
123 1.6872739791870117
124 1.6397284269332886
125 1.6890442371368408
126 1.6785999536514282
127 1.6870644092559814
128 1.6557782888412476
129 1.6545997858047485
130 1.6900982856750488
131 1.6498655080795288
132 1.693908929824829
133 1.6620612144470215
134 1.6992934942245483
135 1.6689064502716064
136 1.6603280305862427
137 1.677297830581665
138 1.6704440116882324
139 1.6743820905685425
140 1.667031168937683
141 1.6960943937301636
142 1.6892927885055542
143 1.6538530588150024
144 1.6528230905532837
145 1.6850640773773193
146 1.7103791236877441
147 1.6704680919647217
148 1.719008207321167
149 1.7566614151000977
150 1.6675082445144653
151 1.6782100200653076
152 1.6589654684066772
153 1.7110131978988647
154 1.7434582710266113
155 1.6940046548843384
156 1.737450361251831
157 1.7044916152954102
158 1.696568489074707
159 1.6536531448364258
160 1.5876288414001465
161 1.6250067949295044
162 1.6721101999282837
163 1.6613743305206299
164 1.6705247163772583
165 1.7479461431503296
166 1.7272576093673706
167 1.6523091793060303
168 1.6767544746398926
169 1.6977747678756714
170 1.6375072002410889
171 1.6602612733840942
172 1.6587183475494385
173 1.7396268844604492
174 1.709187388420105
175 1.6941545009613037
176 1.687286615371704
177 1.6515599489212036
178 1.6618249416351318
179 1.6192312240600586
180 1.669140100479126
181 1.7098323106765747
182 1.6396623849868774
183 1.6939622163772583
184 1.6788532733917236
185 1.7294358015060425
186 1.6801198720932007
187 1.6851816177368164
188 1.696016788482666
189 1.6787400245666504
190 1.687139868736267
191 1.691423773765564
192 1.699756383895874
193 1.6432973146438599
194 1.6801187992095947
195 1.6366442441940308
196 1.6788197755813599
197 1.630326271057129
198 1.6481056213378906
199 1.6328264474868774
200 1.6452349424362183
201 1.6694929599761963
202 1.7543829679489136
203 1.6674820184707642
204 1.6854193210601807
205 1.681439995765686
206 1.6950126886367798
207 1.6654736995697021
208 1.6617506742477417
209 1.67169189453125
210 1.6748672723770142
211 1.6545017957687378
212 1.7136491537094116
213 1.6855971813201904
214 1.6810683012008667
215 1.6739165782928467
216 1.6793509721755981
217 1.6766799688339233
218 1.6304118633270264
219 1.7009283304214478
220 1.7022929191589355
221 1.707698106765747
222 1.6378419399261475
223 1.6957933902740479
224 1.6964521408081055
225 1.671415090560913
226 1.6674648523330688
227 1.6770954132080078
228 1.6875982284545898
229 1.6474295854568481
230 1.6495327949523926
231 1.6518938541412354
232 1.6136939525604248
233 1.6858539581298828
234 1.6844298839569092
235 1.6590163707733154
236 1.6831036806106567
237 1.6662256717681885
238 1.7022078037261963
239 1.6983145475387573
240 1.6383380889892578
241 1.6448789834976196
242 1.7064357995986938
243 1.6842975616455078
244 1.6639606952667236
245 1.61972177028656
246 1.6638915538787842
247 1.6843539476394653
248 1.649982213973999
249 1.6496230363845825
250 1.6931536197662354
251 1.6842504739761353
252 1.6564311981201172
253 1.61000394821167
254 1.5936164855957031
255 1.7000946998596191
256 1.7306994199752808
257 1.6949294805526733
258 1.6996328830718994
259 1.6966426372528076
260 1.687524437904358
261 1.642002820968628
262 1.7563728094100952
263 1.6963951587677002
264 1.6677645444869995
265 1.680713415145874
266 1.7004798650741577
267 1.639487624168396
268 1.6466190814971924
269 1.6649980545043945
270 1.6666804552078247
271 1.6624886989593506
272 1.652963638305664
273 1.744361162185669
274 1.7073014974594116
275 1.6400996446609497
276 1.6822701692581177
277 1.593277931213379
278 1.665669560432434
279 1.6603213548660278
280 1.675689935684204
281 1.679231882095337
282 1.6778920888900757
283 1.6685467958450317
284 1.666420578956604
285 1.6740965843200684
286 1.6385987997055054
287 1.6398723125457764
288 1.6686664819717407
289 1.6405798196792603
290 1.65987229347229
291 1.7059195041656494
292 1.639004111289978
293 1.6249288320541382
294 1.678452968597412
295 1.6414525508880615
296 1.6845905780792236
297 1.6656990051269531
298 1.683079719543457
299 1.67595374584198
300 1.6681492328643799
301 1.71709144115448
302 1.703992486000061
303 1.7118213176727295
304 1.710110068321228
305 1.6676898002624512
306 1.6537185907363892
307 1.680063009262085
308 1.622287631034851
309 1.6826204061508179
310 1.700102686882019
311 1.6517462730407715
312 1.6579477787017822
313 1.7223148345947266
314 1.6892926692962646
315 1.673786997795105
316 1.664214849472046
317 1.6310635805130005
318 1.65763258934021
319 1.650732398033142
320 1.6884390115737915
321 1.6568433046340942
322 1.6950122117996216
323 1.6645269393920898
324 1.6929347515106201
325 1.6691241264343262
326 1.6818091869354248
327 1.7073209285736084
328 1.7311089038848877
329 1.6358797550201416
330 1.670130729675293
331 1.6519737243652344
332 1.69244384765625
333 1.6961891651153564
334 1.6982930898666382
335 1.6625083684921265
336 1.6028014421463013
337 1.6827071905136108
338 1.6710208654403687
339 1.632724404335022
340 1.6699156761169434
341 1.732941746711731
342 1.6567163467407227
343 1.674737572669983
344 1.685188889503479
345 1.6144909858703613
346 1.6871050596237183
347 1.6424295902252197
348 1.6807411909103394
349 1.7068172693252563
350 1.6682790517807007
351 1.692280888557434
352 1.6684738397598267
353 1.661670207977295
354 1.6735862493515015
355 1.7457375526428223
356 1.6410982608795166
357 1.6838431358337402
358 1.69001305103302
359 1.6480578184127808
360 1.6785112619400024
361 1.6795724630355835
362 1.6734970808029175
363 1.6667343378067017
364 1.6918034553527832
365 1.6600019931793213
366 1.623425006866455
367 1.6614115238189697
368 1.682442307472229
369 1.6713800430297852
370 1.6791542768478394
371 1.715272068977356
372 1.699246883392334
373 1.6674573421478271
374 1.6636923551559448
375 1.7190250158309937
376 1.6733125448226929
377 1.6849944591522217
378 1.6941969394683838
379 1.6372474431991577
380 1.695255160331726
381 1.6335082054138184
382 1.6654001474380493
383 1.6662044525146484
384 1.6771588325500488
385 1.6818853616714478
386 1.7091681957244873
387 1.688490629196167
388 1.6492352485656738
389 1.6366894245147705
390 1.6271657943725586
391 1.6567732095718384
392 1.6692582368850708
BATCH 9
0 1.6418101787567139
1 1.6442787647247314
2 1.6418064832687378
3 1.682565689086914
4 1.6456960439682007
5 1.6448705196380615
6 1.7321133613586426
7 1.665236234664917
8 1.6692708730697632
9 1.6969338655471802
10 1.6231011152267456
11 1.6772595643997192
12 1.6930372714996338
13 1.6424775123596191
14 1.646479845046997
15 1.6751538515090942
16 1.6973998546600342
17 1.668725609779358
18 1.6814966201782227
19 1.6348475217819214
20 1.738176703453064
21 1.653457522392273
22 1.6958452463150024
23 1.7059162855148315
24 1.6263909339904785
25 1.6630418300628662
26 1.6835497617721558
27 1.6806596517562866
28 1.7270479202270508
29 1.7044334411621094
30 1.6828932762145996
31 1.641243815422058
32 1.683319091796875
33 1.7000654935836792
34 1.6493488550186157
35 1.7437864542007446
36 1.6530852317810059
37 1.619552731513977
38 1.6684688329696655
39 1.6938230991363525
40 1.652418613433838
41 1.7218010425567627
42 1.6778874397277832
43 1.6673189401626587
44 1.671960711479187
45 1.6738898754119873
46 1.6765424013137817
47 1.6960012912750244
48 1.7146522998809814
49 1.6273012161254883
50 1.6835193634033203
51 1.6633127927780151
52 1.705100655555725
53 1.6677980422973633
54 1.6920714378356934
55 1.666206955909729
56 1.649827241897583
57 1.6516327857971191
58 1.6909009218215942
59 1.6998693943023682
60 1.6578409671783447
61 1.711180329322815
62 1.70279860496521
63 1.7100300788879395
64 1.6630878448486328
65 1.6527844667434692
66 1.6580413579940796
67 1.6986546516418457
68 1.7169944047927856
69 1.6141539812088013
70 1.6679351329803467
71 1.674841046333313
72 1.735042691230774
73 1.6730819940567017
74 1.6976767778396606
75 1.6721601486206055
76 1.6624996662139893
77 1.6644673347473145
78 1.6602481603622437
79 1.6587402820587158
80 1.6816425323486328
81 1.6635371446609497
82 1.6889708042144775
83 1.6696569919586182
84 1.6481629610061646
85 1.6684167385101318
86 1.6732455492019653
87 1.720384955406189
88 1.6420438289642334
89 1.6898092031478882
90 1.709875226020813
91 1.689709186553955
92 1.6958563327789307
93 1.673649787902832
94 1.6971447467803955
95 1.683542013168335
96 1.6992788314819336
97 1.6152633428573608
98 1.69645357131958
99 1.6794341802597046
100 1.682083249092102
101 1.7042350769042969
102 1.6487603187561035
103 1.6501214504241943
104 1.660847544670105
105 1.6928980350494385
106 1.6539149284362793
107 1.7183334827423096
108 1.652417778968811
109 1.6848869323730469
110 1.702661395072937
111 1.674899935722351
112 1.6295515298843384
113 1.7235432863235474
114 1.6750965118408203
115 1.6467760801315308
116 1.672520399093628
117 1.6680610179901123
118 1.6665093898773193
119 1.698768138885498
120 1.6797386407852173
121 1.6810894012451172
122 1.686041235923767
123 1.6764477491378784
124 1.6305320262908936
125 1.6831223964691162
126 1.6724928617477417
127 1.679549217224121
128 1.652510166168213
129 1.6504358053207397
130 1.688360571861267
131 1.643306851387024
132 1.6868760585784912
133 1.6557596921920776
134 1.6930466890335083
135 1.6578354835510254
136 1.6551661491394043
137 1.674583911895752
138 1.6664713621139526
139 1.66665780544281
140 1.6593458652496338
141 1.6924147605895996
142 1.6883368492126465
143 1.6519476175308228
144 1.6448450088500977
145 1.6836097240447998
146 1.7022593021392822
147 1.6659780740737915
148 1.7180567979812622
149 1.752190113067627
150 1.66486656665802
151 1.678004264831543
152 1.6537047624588013
153 1.7055023908615112
154 1.732458472251892
155 1.6896703243255615
156 1.7290180921554565
157 1.6963481903076172
158 1.6991262435913086
159 1.6481491327285767
160 1.5846344232559204
161 1.6166315078735352
162 1.6633203029632568
163 1.6565310955047607
164 1.6654261350631714
165 1.7378649711608887
166 1.7261149883270264
167 1.6440857648849487
168 1.6636850833892822
169 1.6977304220199585
170 1.633788824081421
171 1.6598663330078125
172 1.6615427732467651
173 1.7346863746643066
174 1.7068583965301514
175 1.6933326721191406
176 1.6809619665145874
177 1.643234133720398
178 1.657654047012329
179 1.6162362098693848
180 1.6697301864624023
181 1.705936312675476
182 1.635765552520752
183 1.6929755210876465
184 1.6738253831863403
185 1.7188068628311157
186 1.6764549016952515
187 1.6772288084030151
188 1.6881752014160156
189 1.674524188041687
190 1.6844055652618408
191 1.6867080926895142
192 1.699055790901184
193 1.6430041790008545
194 1.671505093574524
195 1.6316721439361572
196 1.6726233959197998
197 1.6323010921478271
198 1.647344946861267
199 1.62984299659729
200 1.634780764579773
201 1.6687605381011963
202 1.7420296669006348
203 1.6647804975509644
204 1.678174614906311
205 1.6761445999145508
206 1.6910911798477173
207 1.6627566814422607
208 1.6588521003723145
209 1.6689316034317017
210 1.6675992012023926
211 1.6511868238449097
212 1.7087429761886597
213 1.6764633655548096
214 1.6752121448516846
215 1.6678245067596436
216 1.6761040687561035
217 1.6725029945373535
218 1.6254009008407593
219 1.692743182182312
220 1.6961121559143066
221 1.7005475759506226
222 1.6360840797424316
223 1.6924222707748413
224 1.6923682689666748
225 1.6658416986465454
226 1.6630332469940186
227 1.6759990453720093
228 1.679250717163086
229 1.6441172361373901
230 1.6460882425308228
231 1.649111032485962
232 1.6106452941894531
233 1.6785439252853394
234 1.6813099384307861
235 1.659654974937439
236 1.6749625205993652
237 1.6618239879608154
238 1.6940997838974
239 1.6949849128723145
240 1.637729525566101
241 1.640038013458252
242 1.6985739469528198
243 1.6777852773666382
244 1.6627298593521118
245 1.615466833114624
246 1.6603078842163086
247 1.6741935014724731
248 1.6484885215759277
249 1.6437057256698608
250 1.6855295896530151
251 1.6788887977600098
252 1.6496107578277588
253 1.6034518480300903
254 1.5865232944488525
255 1.6903868913650513
256 1.7158957719802856
257 1.6897273063659668
258 1.6927299499511719
259 1.6910641193389893
260 1.6816990375518799
261 1.6377965211868286
262 1.748935580253601
263 1.6864047050476074
264 1.6586449146270752
265 1.6739369630813599
266 1.6911605596542358
267 1.6322722434997559
268 1.6440393924713135
269 1.6580009460449219
270 1.6635663509368896
271 1.6520041227340698
272 1.654500961303711
273 1.736716389656067
274 1.6995469331741333
275 1.6348161697387695
276 1.67873215675354
277 1.5873756408691406
278 1.6612862348556519
279 1.6534074544906616
280 1.6727362871170044
281 1.6764721870422363
282 1.6737600564956665
283 1.6605706214904785
284 1.6628212928771973
285 1.6749939918518066
286 1.6359363794326782
287 1.635878086090088
288 1.662305474281311
289 1.6405463218688965
290 1.6590166091918945
291 1.7009042501449585
292 1.63529372215271
293 1.6187031269073486
294 1.6733540296554565
295 1.636657476425171
296 1.6821850538253784
297 1.6617136001586914
298 1.681076169013977
299 1.6677024364471436
300 1.6654870510101318
301 1.7117642164230347
302 1.6977169513702393
303 1.7029104232788086
304 1.7112566232681274
305 1.667884349822998
306 1.6487481594085693
307 1.6737688779830933
308 1.6180684566497803
309 1.6767715215682983
310 1.697149634361267
311 1.6458848714828491
312 1.6511194705963135
313 1.7187743186950684
314 1.6888587474822998
315 1.666900634765625
316 1.6649954319000244
317 1.6226096153259277
318 1.6515449285507202
319 1.6463310718536377
320 1.6848467588424683
321 1.6522589921951294
322 1.6859872341156006
323 1.6590297222137451
324 1.6893283128738403
325 1.6658862829208374
326 1.6737197637557983
327 1.7090909481048584
328 1.7284294366836548
329 1.633682370185852
330 1.661346197128296
331 1.6512110233306885
332 1.692498803138733
333 1.6950901746749878
334 1.6932445764541626
335 1.656249761581421
336 1.601831316947937
337 1.6794532537460327
338 1.6665141582489014
339 1.6339246034622192
340 1.6680123805999756
341 1.7283034324645996
342 1.652332067489624
343 1.6749171018600464
344 1.6753839254379272
345 1.610611081123352
346 1.6828445196151733
347 1.6380571126937866
348 1.6779474020004272
349 1.6941602230072021
350 1.6598159074783325
351 1.6863713264465332
352 1.6646963357925415
353 1.657737135887146
354 1.6673226356506348
355 1.7420523166656494
356 1.6383262872695923
357 1.6796728372573853
358 1.684195637702942
359 1.6414201259613037
360 1.6690154075622559
361 1.673815131187439
362 1.6714450120925903
363 1.666940450668335
364 1.687785029411316
365 1.6634260416030884
366 1.621504783630371
367 1.6602152585983276
368 1.6748415231704712
369 1.674823522567749
370 1.6788878440856934
371 1.709046721458435
372 1.6968066692352295
373 1.6604560613632202
374 1.6492018699645996
375 1.719356894493103
376 1.6711515188217163
377 1.6822614669799805
378 1.6882699728012085
379 1.6357308626174927
380 1.6967283487319946
381 1.626556396484375
382 1.6665579080581665
383 1.6626406908035278
384 1.680352807044983
385 1.6761783361434937
386 1.7074451446533203
387 1.6928913593292236
388 1.6426281929016113
389 1.6309359073638916
390 1.6203523874282837
391 1.65494704246521
392 1.664772391319275
BATCH 10
0 1.6362779140472412
1 1.640549898147583
2 1.637663722038269
3 1.678323745727539
4 1.6459829807281494
5 1.6414356231689453
6 1.7336114645004272
7 1.6662670373916626
8 1.6594473123550415
9 1.6953074932098389
10 1.6198928356170654
11 1.6731125116348267
12 1.6837412118911743
13 1.645127296447754
14 1.6461362838745117
15 1.6711509227752686
16 1.6932708024978638
17 1.6664490699768066
18 1.682706594467163
19 1.6322193145751953
20 1.7373058795928955
21 1.6457654237747192
22 1.6931952238082886
23 1.7035967111587524
24 1.6269919872283936
25 1.6577141284942627
26 1.6771093606948853
27 1.6791489124298096
28 1.7285263538360596
29 1.6985305547714233
30 1.6783376932144165
31 1.6407119035720825
32 1.6826709508895874
33 1.6931501626968384
34 1.6430232524871826
35 1.7341290712356567
36 1.6507145166397095
37 1.6162949800491333
38 1.6648246049880981
39 1.6942929029464722
40 1.6507625579833984
41 1.7153232097625732
42 1.6715459823608398
43 1.667126178741455
44 1.6676691770553589
45 1.6706678867340088
46 1.6700139045715332
47 1.6906019449234009
48 1.7030889987945557
49 1.6261883974075317
50 1.680439829826355
51 1.6606297492980957
52 1.7021315097808838
53 1.6643569469451904
54 1.689256191253662
55 1.6667325496673584
56 1.6477329730987549
57 1.649206519126892
58 1.6861791610717773
59 1.692273736000061
60 1.6569126844406128
61 1.7051591873168945
62 1.7020882368087769
63 1.707930088043213
64 1.6604876518249512
65 1.647202968597412
66 1.6601362228393555
67 1.6962298154830933
68 1.7119734287261963
69 1.6065380573272705
70 1.6650197505950928
71 1.672423005104065
72 1.7316341400146484
73 1.6737138032913208
74 1.6942218542099
75 1.6687124967575073
76 1.6573258638381958
77 1.6632435321807861
78 1.6588481664657593
79 1.6482239961624146
80 1.6808805465698242
81 1.659990668296814
82 1.6878972053527832
83 1.6642122268676758
84 1.6443570852279663
85 1.675060510635376
86 1.674499273300171
87 1.717955231666565
88 1.636905312538147
89 1.6900509595870972
90 1.7090073823928833
91 1.6859666109085083
92 1.6937639713287354
93 1.6709198951721191
94 1.6976954936981201
95 1.6866233348846436
96 1.6975935697555542
97 1.6129553318023682
98 1.6956572532653809
99 1.6749615669250488
100 1.678483009338379
101 1.6977919340133667
102 1.6454294919967651
103 1.6450079679489136
104 1.6627528667449951
105 1.690017819404602
106 1.6548701524734497
107 1.7150839567184448
108 1.6477930545806885
109 1.688625454902649
110 1.6948131322860718
111 1.6706033945083618
112 1.6248714923858643
113 1.7245734930038452
114 1.66486656665802
115 1.6481192111968994
116 1.6668682098388672
117 1.6672890186309814
118 1.6635760068893433
119 1.698861002922058
120 1.6798750162124634
121 1.6795969009399414
122 1.685738205909729
123 1.6753222942352295
124 1.6287405490875244
125 1.6805769205093384
126 1.6740220785140991
127 1.67372465133667
128 1.6473641395568848
129 1.6486046314239502
130 1.6808669567108154
131 1.6423450708389282
132 1.6775455474853516
133 1.6471911668777466
134 1.6899570226669312
135 1.655468225479126
136 1.6537309885025024
137 1.6683517694473267
138 1.664036750793457
139 1.6611119508743286
140 1.6542295217514038
141 1.6859171390533447
142 1.6822775602340698
143 1.6420269012451172
144 1.6385139226913452
145 1.6856979131698608
146 1.6973085403442383
147 1.6590648889541626
148 1.7138829231262207
149 1.7485288381576538
150 1.6584672927856445
151 1.6738065481185913
152 1.6531039476394653
153 1.707841157913208
154 1.7328598499298096
155 1.6868679523468018
156 1.7249627113342285
157 1.6938987970352173
158 1.6980382204055786
159 1.643733024597168
160 1.586034893989563
161 1.6120800971984863
162 1.6571496725082397
163 1.6520365476608276
164 1.6613816022872925
165 1.7335481643676758
166 1.7225242853164673
167 1.6442369222640991
168 1.6579140424728394
169 1.6939477920532227
170 1.633681297302246
171 1.6555063724517822
172 1.6551982164382935
173 1.7286838293075562
174 1.707390308380127
175 1.6885066032409668
176 1.673348307609558
177 1.6405881643295288
178 1.6553598642349243
179 1.6164249181747437
180 1.66542387008667
181 1.698463797569275
182 1.632578730583191
183 1.6903291940689087
184 1.6731584072113037
185 1.7125877141952515
186 1.6743311882019043
187 1.6801443099975586
188 1.6925227642059326
189 1.6670175790786743
190 1.685084342956543
191 1.6838067770004272
192 1.6948332786560059
193 1.6400258541107178
194 1.6673206090927124
195 1.6265002489089966
196 1.6732743978500366
197 1.6278791427612305
198 1.6419763565063477
199 1.6213713884353638
200 1.6337075233459473
201 1.6681784391403198
202 1.7399240732192993
203 1.657092571258545
204 1.6763842105865479
205 1.6779885292053223
206 1.691601276397705
207 1.6643102169036865
208 1.6521726846694946
209 1.6652971506118774
210 1.6678531169891357
211 1.644379734992981
212 1.7115778923034668
213 1.6732614040374756
214 1.678796648979187
215 1.665617823600769
216 1.6724467277526855
217 1.6660610437393188
218 1.6211085319519043
219 1.6863471269607544
220 1.6950486898422241
221 1.6968826055526733
222 1.6359045505523682
223 1.6862385272979736
224 1.6882729530334473
225 1.6646785736083984
226 1.658684253692627
227 1.673147439956665
228 1.6661500930786133
229 1.642029047012329
230 1.6464014053344727
231 1.6498994827270508
232 1.6097012758255005
233 1.6737415790557861
234 1.6749069690704346
235 1.6526968479156494
236 1.6707160472869873
237 1.654180884361267
238 1.6901353597640991
239 1.6927953958511353
240 1.6333341598510742
241 1.6347646713256836
242 1.6943144798278809
243 1.6735756397247314
244 1.656619906425476
245 1.616501808166504
246 1.6559538841247559
247 1.6676019430160522
248 1.643009901046753
249 1.6450111865997314
250 1.6814652681350708
251 1.675693154335022
252 1.6415938138961792
253 1.6022932529449463
254 1.5795910358428955
255 1.688194990158081
256 1.7082316875457764
257 1.6894869804382324
258 1.6938621997833252
259 1.6825826168060303
260 1.683561086654663
261 1.6392472982406616
262 1.7383722066879272
263 1.680693507194519
264 1.6563936471939087
265 1.668825626373291
266 1.687474250793457
267 1.6244876384735107
268 1.63657546043396
269 1.6583895683288574
270 1.655761480331421
271 1.6477059125900269
272 1.6486529111862183
273 1.7309719324111938
274 1.6968783140182495
275 1.6327407360076904
276 1.672391414642334
277 1.5786380767822266
278 1.6585743427276611
279 1.6499357223510742
280 1.668465256690979
281 1.6664419174194336
282 1.667710781097412
283 1.6574164628982544
284 1.6581535339355469
285 1.6738955974578857
286 1.6296535730361938
287 1.630942463874817
288 1.656497836112976
289 1.6396849155426025
290 1.656478762626648
291 1.7007019519805908
292 1.6330432891845703
293 1.6174851655960083
294 1.6695839166641235
295 1.6289136409759521
296 1.6752914190292358
297 1.6505835056304932
298 1.6802211999893188
299 1.667599081993103
300 1.659220576286316
301 1.7059638500213623
302 1.6969265937805176
303 1.7042012214660645
304 1.7045586109161377
305 1.664428472518921
306 1.645634412765503
307 1.6717277765274048
308 1.6162874698638916
309 1.676693081855774
310 1.6943520307540894
311 1.6453940868377686
312 1.6496922969818115
313 1.7135083675384521
314 1.682016372680664
315 1.6695475578308105
316 1.6639004945755005
317 1.6124976873397827
318 1.6426398754119873
319 1.64301598072052
320 1.6858232021331787
321 1.6540104150772095
322 1.6807339191436768
323 1.6524819135665894
324 1.6857649087905884
325 1.6640838384628296
326 1.6703611612319946
327 1.69978666305542
328 1.7204582691192627
329 1.6301440000534058
330 1.6616228818893433
331 1.6467857360839844
332 1.6844030618667603
333 1.6886426210403442
334 1.6855506896972656
335 1.6559159755706787
336 1.5953871011734009
337 1.6753528118133545
338 1.6637665033340454
339 1.622618317604065
340 1.6666980981826782
341 1.7199416160583496
342 1.6503746509552002
343 1.6728954315185547
344 1.6717398166656494
345 1.6089355945587158
346 1.679630160331726
347 1.635886549949646
348 1.6761962175369263
349 1.692314863204956
350 1.6545212268829346
351 1.6796269416809082
352 1.65939462184906
353 1.654649257659912
354 1.6626174449920654
355 1.7387348413467407
356 1.6356810331344604
357 1.6770280599594116
358 1.67849862575531
359 1.6390892267227173
360 1.663666009902954
361 1.6839395761489868
362 1.668478012084961
363 1.660314679145813
364 1.6843599081039429
365 1.663867473602295
366 1.6156920194625854
367 1.6582173109054565
368 1.6756625175476074
369 1.6721121072769165
370 1.6734232902526855
371 1.7023879289627075
372 1.7001864910125732
373 1.6528704166412354
374 1.646195650100708
375 1.7175527811050415
376 1.6674338579177856
377 1.6802889108657837
378 1.685292363166809
379 1.629660725593567
380 1.687371850013733
381 1.6240966320037842
382 1.6633801460266113
383 1.660512924194336
384 1.6737405061721802
385 1.6739954948425293
386 1.6964282989501953
387 1.6839663982391357
388 1.6442402601242065
389 1.6305060386657715
390 1.6177177429199219
391 1.6519181728363037
392 1.6682149171829224
BATCH 11
0 1.6322484016418457
1 1.638023018836975
2 1.63357675075531
3 1.6790478229522705
4 1.6409941911697388
5 1.6365011930465698
6 1.7218719720840454
7 1.6613739728927612
8 1.6550414562225342
9 1.695015788078308
10 1.6175343990325928
11 1.673301339149475
12 1.6795768737792969
13 1.6380608081817627
14 1.6395560503005981
15 1.6684023141860962
16 1.6841187477111816
17 1.6612062454223633
18 1.675471305847168
19 1.629561185836792
20 1.7318416833877563
21 1.6401968002319336
22 1.6860299110412598
23 1.6991848945617676
24 1.6209615468978882
25 1.6511669158935547
26 1.678186058998108
27 1.6627532243728638
28 1.71894371509552
29 1.6923573017120361
30 1.6732947826385498
31 1.6325806379318237
32 1.6707484722137451
33 1.6887826919555664
34 1.6422314643859863
35 1.7320218086242676
36 1.6445354223251343
37 1.5878432989120483
38 1.6696990728378296
39 1.6824188232421875
40 1.6436933279037476
41 1.7134286165237427
42 1.6719521284103394
43 1.6599971055984497
44 1.6677628755569458
45 1.6648505926132202
46 1.6719846725463867
47 1.6814318895339966
48 1.6973801851272583
49 1.627205491065979
50 1.6736878156661987
51 1.6576718091964722
52 1.6940418481826782
53 1.6587696075439453
54 1.688840627670288
55 1.6628272533416748
56 1.6389341354370117
57 1.6433316469192505
58 1.6806614398956299
59 1.68464195728302
60 1.652428150177002
61 1.706535816192627
62 1.6926441192626953
63 1.7007194757461548
64 1.6551522016525269
65 1.6412814855575562
66 1.6524651050567627
67 1.6893365383148193
68 1.7111377716064453
69 1.6033669710159302
70 1.6594630479812622
71 1.670037031173706
72 1.7223320007324219
73 1.6693320274353027
74 1.6894805431365967
75 1.6654161214828491
76 1.6542128324508667
77 1.662240982055664
78 1.650974154472351
79 1.6450456380844116
80 1.6765742301940918
81 1.659824013710022
82 1.6876693964004517
83 1.6634029150009155
84 1.6387553215026855
85 1.6590913534164429
86 1.6718039512634277
87 1.714901328086853
88 1.6365927457809448
89 1.6849132776260376
90 1.7081689834594727
91 1.6833701133728027
92 1.685924768447876
93 1.666885256767273
94 1.6937452554702759
95 1.6822123527526855
96 1.6963454484939575
97 1.6138653755187988
98 1.6919952630996704
99 1.67119562625885
100 1.6732251644134521
101 1.6931794881820679
102 1.6425695419311523
103 1.6415492296218872
104 1.644616961479187
105 1.6847139596939087
106 1.6518114805221558
107 1.7079095840454102
108 1.6456634998321533
109 1.6758166551589966
110 1.6928715705871582
111 1.6635617017745972
112 1.6191473007202148
113 1.7199592590332031
114 1.6658436059951782
115 1.6435139179229736
116 1.6692372560501099
117 1.664689302444458
118 1.656746745109558
119 1.692832350730896
120 1.6728266477584839
121 1.6723049879074097
122 1.6813902854919434
123 1.6696128845214844
124 1.6245464086532593
125 1.6778500080108643
126 1.6691319942474365
127 1.6700667142868042
128 1.6417237520217896
129 1.6461039781570435
130 1.6754348278045654
131 1.6339200735092163
132 1.6705344915390015
133 1.64705491065979
134 1.6838808059692383
135 1.6536450386047363
136 1.654209017753601
137 1.6642881631851196
138 1.6609687805175781
139 1.6537492275238037
140 1.647423505783081
141 1.6798186302185059
142 1.676690697669983
143 1.6379865407943726
144 1.6357941627502441
145 1.6797294616699219
146 1.6989107131958008
147 1.6541098356246948
148 1.7067679166793823
149 1.7449097633361816
150 1.6514791250228882
151 1.666459560394287
152 1.6473298072814941
153 1.6978341341018677
154 1.7253080606460571
155 1.6881357431411743
156 1.7229715585708618
157 1.6948058605194092
158 1.6905947923660278
159 1.640101671218872
160 1.5804075002670288
161 1.6148041486740112
162 1.6542389392852783
163 1.6480612754821777
164 1.660435438156128
165 1.7305444478988647
166 1.7196881771087646
167 1.6378179788589478
168 1.6570148468017578
169 1.6866130828857422
170 1.632405400276184
171 1.652052879333496
172 1.6536314487457275
173 1.7284029722213745
174 1.7020421028137207
175 1.6869654655456543
176 1.670341968536377
177 1.641223669052124
178 1.648996114730835
179 1.6145740747451782
180 1.6584535837173462
181 1.702398419380188
182 1.6309069395065308
183 1.6903172731399536
184 1.671142816543579
185 1.7109456062316895
186 1.66743004322052
187 1.678980827331543
188 1.685767412185669
189 1.6661722660064697
190 1.6837555170059204
191 1.6802887916564941
192 1.6924678087234497
193 1.633004903793335
194 1.6658060550689697
195 1.6241860389709473
196 1.6647428274154663
197 1.6282604932785034
198 1.642768383026123
199 1.6148321628570557
200 1.6305714845657349
201 1.660803198814392
202 1.7376658916473389
203 1.6553773880004883
204 1.6725986003875732
205 1.673015832901001
206 1.6913700103759766
207 1.6637206077575684
208 1.6498639583587646
209 1.6608984470367432
210 1.6658310890197754
211 1.6446754932403564
212 1.7041939496994019
213 1.6723769903182983
214 1.6749316453933716
215 1.6623904705047607
216 1.6783477067947388
217 1.664563775062561
218 1.620128870010376
219 1.6792792081832886
220 1.6931679248809814
221 1.6935243606567383
222 1.6327229738235474
223 1.6842855215072632
224 1.684251308441162
225 1.6624877452850342
226 1.654667615890503
227 1.6701949834823608
228 1.6620709896087646
229 1.6428983211517334
230 1.6433123350143433
231 1.650138258934021
232 1.6058138608932495
233 1.6689344644546509
234 1.6751313209533691
235 1.6456300020217896
236 1.665189504623413
237 1.651078462600708
238 1.687461018562317
239 1.6836031675338745
240 1.6295832395553589
241 1.6329139471054077
242 1.6897872686386108
243 1.670465350151062
244 1.6502593755722046
245 1.6158379316329956
246 1.6550029516220093
247 1.665367841720581
248 1.6413568258285522
249 1.6404210329055786
250 1.6805449724197388
251 1.6708803176879883
252 1.6379492282867432
253 1.5965585708618164
254 1.5782873630523682
255 1.683857798576355
256 1.7041070461273193
257 1.6832780838012695
258 1.6921461820602417
259 1.6777937412261963
260 1.6772615909576416
261 1.632374882698059
262 1.7363554239273071
263 1.6764670610427856
264 1.650607705116272
265 1.664721965789795
266 1.6874339580535889
267 1.6210743188858032
268 1.63042151927948
269 1.6561044454574585
270 1.6523823738098145
271 1.6445664167404175
272 1.6469143629074097
273 1.731117606163025
274 1.6921727657318115
275 1.6274092197418213
276 1.6749454736709595
277 1.5771830081939697
278 1.6564279794692993
279 1.6469825506210327
280 1.6666367053985596
281 1.665350317955017
282 1.6671607494354248
283 1.6522523164749146
284 1.6548972129821777
285 1.671228051185608
286 1.626432180404663
287 1.6240708827972412
288 1.6552971601486206
289 1.6386877298355103
290 1.6532634496688843
291 1.7002147436141968
292 1.6307787895202637
293 1.6134649515151978
294 1.671346664428711
295 1.6230707168579102
296 1.670659065246582
297 1.6481093168258667
298 1.6784117221832275
299 1.662062406539917
300 1.6562602519989014
301 1.7076736688613892
302 1.6916664838790894
303 1.7028979063034058
304 1.7009791135787964
305 1.6625657081604004
306 1.6385953426361084
307 1.6741795539855957
308 1.6105097532272339
309 1.6711690425872803
310 1.68571937084198
311 1.6383732557296753
312 1.6475071907043457
313 1.7137540578842163
314 1.6780678033828735
315 1.6657205820083618
316 1.6534850597381592
317 1.6082935333251953
318 1.6374952793121338
319 1.639108657836914
320 1.6828635931015015
321 1.6474090814590454
322 1.6777242422103882
323 1.6514850854873657
324 1.6813181638717651
325 1.6553443670272827
326 1.66261887550354
327 1.69278085231781
328 1.7207813262939453
329 1.6240482330322266
330 1.657401442527771
331 1.6401673555374146
332 1.6761404275894165
333 1.6838940382003784
334 1.677454948425293
335 1.6495115756988525
336 1.5938119888305664
337 1.6672370433807373
338 1.657650113105774
339 1.6218242645263672
340 1.6622506380081177
341 1.7208325862884521
342 1.6443196535110474
343 1.6689164638519287
344 1.6642820835113525
345 1.6004847288131714
346 1.6752912998199463
347 1.632110595703125
348 1.6697355508804321
349 1.6882743835449219
350 1.6512653827667236
351 1.6773152351379395
352 1.6553887128829956
353 1.646028757095337
354 1.6631762981414795
355 1.73365318775177
356 1.6348098516464233
357 1.6778647899627686
358 1.6710188388824463
359 1.6335017681121826
360 1.6613644361495972
361 1.6794078350067139
362 1.6672451496124268
363 1.6595721244812012
364 1.6850405931472778
365 1.6672710180282593
366 1.6103289127349854
367 1.656348705291748
368 1.6725256443023682
369 1.6669392585754395
370 1.6717655658721924
371 1.700371503829956
372 1.6913937330245972
373 1.6558494567871094
374 1.63881516456604
375 1.7166682481765747
376 1.6631038188934326
377 1.674012541770935
378 1.6853229999542236
379 1.6272164583206177
380 1.6848522424697876
381 1.6210297346115112
382 1.6606683731079102
383 1.6556551456451416
384 1.6680365800857544
385 1.6704964637756348
386 1.693475604057312
387 1.6848630905151367
388 1.64302659034729
389 1.6272937059402466
390 1.6103357076644897
391 1.6539539098739624
392 1.6644600629806519
BATCH 12
0 1.6374590396881104
1 1.6368224620819092
2 1.6322648525238037
3 1.671669840812683
4 1.632392406463623
5 1.6332048177719116
6 1.7255854606628418
7 1.6590980291366577
8 1.6487677097320557
9 1.6900423765182495
10 1.6185288429260254
11 1.6654397249221802
12 1.6803605556488037
13 1.63692307472229
14 1.6402907371520996
15 1.6622047424316406
16 1.6793420314788818
17 1.6595548391342163
18 1.6707603931427002
19 1.6256669759750366
20 1.725295066833496
21 1.6351560354232788
22 1.6856977939605713
23 1.6964561939239502
24 1.617936134338379
25 1.651350498199463
26 1.6746684312820435
27 1.649811029434204
28 1.711759090423584
29 1.6890087127685547
30 1.6715151071548462
31 1.6312636137008667
32 1.6696476936340332
33 1.6801154613494873
34 1.6352722644805908
35 1.73678457736969
36 1.6375668048858643
37 1.636061668395996
38 1.6653107404708862
39 1.688339352607727
40 1.6489382982254028
41 1.7172863483428955
42 1.670603632926941
43 1.6718238592147827
44 1.663284420967102
45 1.6704853773117065
46 1.6674927473068237
47 1.6817089319229126
48 1.698170781135559
49 1.6261173486709595
50 1.6714274883270264
51 1.654140591621399
52 1.6971230506896973
53 1.6632494926452637
54 1.6857779026031494
55 1.6596187353134155
56 1.6356648206710815
57 1.644128441810608
58 1.6804172992706299
59 1.6825348138809204
60 1.6480729579925537
61 1.6971856355667114
62 1.6942031383514404
63 1.7037310600280762
64 1.6530050039291382
65 1.6443545818328857
66 1.6490118503570557
67 1.6865348815917969
68 1.7097337245941162
69 1.6008825302124023
70 1.65509033203125
71 1.6619943380355835
72 1.719233512878418
73 1.6665973663330078
74 1.6891599893569946
75 1.6672834157943726
76 1.6547092199325562
77 1.6620802879333496
78 1.6551709175109863
79 1.6456830501556396
80 1.6795709133148193
81 1.6575262546539307
82 1.6891405582427979
83 1.6602431535720825
84 1.6414110660552979
85 1.6610573530197144
86 1.6736674308776855
87 1.7163286209106445
88 1.6330441236495972
89 1.67801833152771
90 1.7045003175735474
91 1.6839109659194946
92 1.687577247619629
93 1.6650323867797852
94 1.6934171915054321
95 1.6793140172958374
96 1.6935762166976929
97 1.6098666191101074
98 1.6921391487121582
99 1.6725285053253174
100 1.6755561828613281
101 1.687742829322815
102 1.6404412984848022
103 1.6395204067230225
104 1.6472779512405396
105 1.685752511024475
106 1.648984670639038
107 1.705556035041809
108 1.6422044038772583
109 1.6761484146118164
110 1.68655264377594
111 1.6572552919387817
112 1.619062900543213
113 1.7182847261428833
114 1.6628636121749878
115 1.640418291091919
116 1.6641772985458374
117 1.655761480331421
118 1.652271032333374
119 1.6862155199050903
120 1.6681548357009888
121 1.6704927682876587
122 1.6751831769943237
123 1.6677230596542358
124 1.623544692993164
125 1.6783446073532104
126 1.6679495573043823
127 1.6633541584014893
128 1.641607642173767
129 1.6400184631347656
130 1.6717982292175293
131 1.6303166151046753
132 1.671529769897461
133 1.6455541849136353
134 1.6787028312683105
135 1.6485595703125
136 1.657752275466919
137 1.6612259149551392
138 1.6552824974060059
139 1.6521199941635132
140 1.645118236541748
141 1.679147720336914
142 1.6770867109298706
143 1.6377180814743042
144 1.6278175115585327
145 1.6745280027389526
146 1.696150302886963
147 1.6470074653625488
148 1.703582525253296
149 1.7405256032943726
150 1.6470519304275513
151 1.661690354347229
152 1.6463571786880493
153 1.6996805667877197
154 1.7239786386489868
155 1.683300495147705
156 1.7185947895050049
157 1.6979269981384277
158 1.6886346340179443
159 1.6386581659317017
160 1.579599380493164
161 1.6086608171463013
162 1.6508076190948486
163 1.647483468055725
164 1.6592100858688354
165 1.7275899648666382
166 1.7125519514083862
167 1.6359844207763672
168 1.6585289239883423
169 1.6836146116256714
170 1.6317354440689087
171 1.6496738195419312
172 1.6503161191940308
173 1.7281596660614014
174 1.694463849067688
175 1.6819208860397339
176 1.6685978174209595
177 1.6393684148788452
178 1.6465487480163574
179 1.6126152276992798
180 1.6535956859588623
181 1.6990350484848022
182 1.6316534280776978
183 1.6927937269210815
184 1.6738969087600708
185 1.7069658041000366
186 1.663906216621399
187 1.6821485757827759
188 1.6915377378463745
189 1.6666302680969238
190 1.6774951219558716
191 1.6836597919464111
192 1.6865853071212769
193 1.6318562030792236
194 1.6620454788208008
195 1.6213228702545166
196 1.6643680334091187
197 1.6308579444885254
198 1.6460322141647339
199 1.6085731983184814
200 1.6256041526794434
201 1.6555603742599487
202 1.7320246696472168
203 1.6476759910583496
204 1.6751664876937866
205 1.6700392961502075
206 1.686804175376892
207 1.6595898866653442
208 1.6450376510620117
209 1.6601731777191162
210 1.661152720451355
211 1.6443971395492554
212 1.7067166566848755
213 1.6713861227035522
214 1.67461097240448
215 1.6619967222213745
216 1.6732301712036133
217 1.659171462059021
218 1.6157034635543823
219 1.6743950843811035
220 1.6873856782913208
221 1.690147876739502
222 1.631883978843689
223 1.680498480796814
224 1.68480384349823
225 1.6609545946121216
226 1.6567692756652832
227 1.673123836517334
228 1.6640353202819824
229 1.6383936405181885
230 1.6400275230407715
231 1.6459299325942993
232 1.6012823581695557
233 1.6685196161270142
234 1.6632184982299805
235 1.645017147064209
236 1.6641942262649536
237 1.6525490283966064
238 1.6880509853363037
239 1.6825929880142212
240 1.6260555982589722
241 1.6290283203125
242 1.6859992742538452
243 1.6713299751281738
244 1.6487295627593994
245 1.613341212272644
246 1.65215265750885
247 1.6660785675048828
248 1.6402177810668945
249 1.6357876062393188
250 1.6787606477737427
251 1.6728582382202148
252 1.6351231336593628
253 1.5986441373825073
254 1.5781333446502686
255 1.68186616897583
256 1.6982862949371338
257 1.6736149787902832
258 1.6867196559906006
259 1.669496774673462
260 1.6741586923599243
261 1.632979393005371
262 1.728879451751709
263 1.6740317344665527
264 1.645952582359314
265 1.6610630750656128
266 1.683396339416504
267 1.6174534559249878
268 1.6287699937820435
269 1.6544042825698853
270 1.6511409282684326
271 1.6438859701156616
272 1.643606424331665
273 1.725684404373169
274 1.6893898248672485
275 1.6245814561843872
276 1.6691676378250122
277 1.5746585130691528
278 1.6538476943969727
279 1.6434904336929321
280 1.6587756872177124
281 1.6655882596969604
282 1.6659095287322998
283 1.6514058113098145
284 1.6503750085830688
285 1.6677947044372559
286 1.6241514682769775
287 1.6228162050247192
288 1.6527764797210693
289 1.6420625448226929
290 1.654235601425171
291 1.6882137060165405
292 1.6303198337554932
293 1.6065466403961182
294 1.662168264389038
295 1.6240148544311523
296 1.6705511808395386
297 1.6472268104553223
298 1.6730183362960815
299 1.6601219177246094
300 1.6512094736099243
301 1.7002604007720947
302 1.6833741664886475
303 1.6977566480636597
304 1.6943215131759644
305 1.6596112251281738
306 1.6347053050994873
307 1.666486382484436
308 1.6081209182739258
309 1.6708122491836548
310 1.6802724599838257
311 1.6341477632522583
312 1.646440029144287
313 1.7058446407318115
314 1.6796826124191284
315 1.6639899015426636
316 1.65525221824646
317 1.6038954257965088
318 1.6351264715194702
319 1.63737154006958
320 1.677425503730774
321 1.6463830471038818
322 1.667927622795105
323 1.642932415008545
324 1.6806279420852661
325 1.6516897678375244
326 1.6583408117294312
327 1.680252194404602
328 1.7117857933044434
329 1.617964506149292
330 1.6560394763946533
331 1.6365399360656738
332 1.6797183752059937
333 1.686387538909912
334 1.6726503372192383
335 1.648110032081604
336 1.5876532793045044
337 1.6673907041549683
338 1.6573724746704102
339 1.6239291429519653
340 1.655839204788208
341 1.713989019393921
342 1.6365106105804443
343 1.666174054145813
344 1.6651655435562134
345 1.5985817909240723
346 1.6732560396194458
347 1.6255614757537842
348 1.665880560874939
349 1.686736822128296
350 1.6453384160995483
351 1.6720311641693115
352 1.6515142917633057
353 1.6458380222320557
354 1.6555168628692627
355 1.7336395978927612
356 1.6269769668579102
357 1.673514485359192
358 1.6685633659362793
359 1.6299208402633667
360 1.6546390056610107
361 1.6690011024475098
362 1.6649527549743652
363 1.657652735710144
364 1.6824555397033691
365 1.6544828414916992
366 1.605555772781372
367 1.6571418046951294
368 1.6723132133483887
369 1.6629080772399902
370 1.6702635288238525
371 1.6949959993362427
372 1.6927579641342163
373 1.6567230224609375
374 1.640544056892395
375 1.719049096107483
376 1.658455729484558
377 1.669978141784668
378 1.6807067394256592
379 1.6246238946914673
380 1.68356192111969
381 1.617112159729004
382 1.655133843421936
383 1.652638554573059
384 1.6711074113845825
385 1.6664812564849854
386 1.6898406744003296
387 1.6870360374450684
388 1.6428749561309814
389 1.6259092092514038
390 1.6150392293930054
391 1.6470704078674316
392 1.660373330116272
BATCH 13
0 1.6352626085281372
1 1.6331228017807007
2 1.6315686702728271
3 1.6720423698425293
4 1.6305865049362183
5 1.632176399230957
6 1.7229048013687134
7 1.6525275707244873
8 1.6464219093322754
9 1.6832592487335205
10 1.6139718294143677
11 1.6679552793502808
12 1.6790964603424072
13 1.6315021514892578
14 1.6331933736801147
15 1.6649399995803833
16 1.670717716217041
17 1.65888249874115
18 1.6714979410171509
19 1.6213011741638184
20 1.723367691040039
21 1.630174994468689
22 1.6772725582122803
23 1.6949471235275269
24 1.616021752357483
25 1.6491984128952026
26 1.6695116758346558
27 1.6469694375991821
28 1.7068829536437988
29 1.6887484788894653
30 1.6680967807769775
31 1.6300758123397827
32 1.6635152101516724
33 1.676476240158081
34 1.631076693534851
35 1.7326598167419434
36 1.634685754776001
37 1.6374094486236572
38 1.6581095457077026
39 1.6979072093963623
40 1.6431498527526855
41 1.7033263444900513
42 1.6678996086120605
43 1.6692912578582764
44 1.6848138570785522
45 1.6724345684051514
46 1.670140266418457
47 1.6885995864868164
48 1.6987745761871338
49 1.6309224367141724
50 1.6699914932250977
51 1.6556158065795898
52 1.6971243619918823
53 1.6591050624847412
54 1.6884976625442505
55 1.658206582069397
56 1.6363520622253418
57 1.6392894983291626
58 1.6773700714111328
59 1.6818981170654297
60 1.6519901752471924
61 1.7006150484085083
62 1.6907074451446533
63 1.6968244314193726
64 1.6558256149291992
65 1.648342251777649
66 1.6486377716064453
67 1.6810864210128784
68 1.7097077369689941
69 1.596802830696106
70 1.655813217163086
71 1.666696548461914
72 1.7141224145889282
73 1.6606601476669312
74 1.6846752166748047
75 1.6594913005828857
76 1.6486728191375732
77 1.6595851182937622
78 1.6508156061172485
79 1.6422592401504517
80 1.6784873008728027
81 1.65238618850708
82 1.683862566947937
83 1.6615701913833618
84 1.6397658586502075
85 1.6588783264160156
86 1.6629183292388916
87 1.7106152772903442
88 1.6336264610290527
89 1.674018383026123
90 1.70528244972229
91 1.678077220916748
92 1.6867785453796387
93 1.6632440090179443
94 1.69144606590271
95 1.680521011352539
96 1.6883906126022339
97 1.6140687465667725
98 1.6879044771194458
99 1.671087384223938
100 1.665225625038147
101 1.6869769096374512
102 1.6396552324295044
103 1.6385406255722046
104 1.64242422580719
105 1.6811249256134033
106 1.6518607139587402
107 1.7054952383041382
108 1.6416103839874268
109 1.6751567125320435
110 1.6863099336624146
111 1.6555684804916382
112 1.6164549589157104
113 1.7176566123962402
114 1.657284140586853
115 1.6381109952926636
116 1.6623914241790771
117 1.657810926437378
118 1.6492438316345215
119 1.6859688758850098
120 1.6658384799957275
121 1.6689404249191284
122 1.6758458614349365
123 1.6642892360687256
124 1.6175975799560547
125 1.6763708591461182
126 1.665581226348877
127 1.6624484062194824
128 1.6405037641525269
129 1.6404685974121094
130 1.6750223636627197
131 1.6266928911209106
132 1.6656897068023682
133 1.641575574874878
134 1.678548812866211
135 1.6455439329147339
136 1.6547162532806396
137 1.6571974754333496
138 1.6488611698150635
139 1.6482630968093872
140 1.6463481187820435
141 1.6774818897247314
142 1.6807528734207153
143 1.6299532651901245
144 1.6308850049972534
145 1.6714797019958496
146 1.6961537599563599
147 1.6494086980819702
148 1.702006459236145
149 1.7381423711776733
150 1.6472946405410767
151 1.6602727174758911
152 1.6420495510101318
153 1.6958788633346558
154 1.720392107963562
155 1.6834907531738281
156 1.7168941497802734
157 1.6917928457260132
158 1.6893573999404907
159 1.6335198879241943
160 1.5739235877990723
161 1.6050658226013184
162 1.6471866369247437
163 1.6451247930526733
164 1.6541107892990112
165 1.7207236289978027
166 1.7113453149795532
167 1.6332634687423706
168 1.653536319732666
169 1.6846790313720703
170 1.628326654434204
171 1.6441929340362549
172 1.6442713737487793
173 1.723346471786499
174 1.693256139755249
175 1.6834862232208252
176 1.6659038066864014
177 1.6326390504837036
178 1.6389070749282837
179 1.6084551811218262
180 1.6537578105926514
181 1.6962156295776367
182 1.6283049583435059
183 1.6834911108016968
184 1.67185378074646
185 1.7033754587173462
186 1.6581748723983765
187 1.675147533416748
188 1.681758999824524
189 1.6639012098312378
190 1.6735860109329224
191 1.6764707565307617
192 1.6870418787002563
193 1.629655361175537
194 1.6600368022918701
195 1.6185204982757568
196 1.6652464866638184
197 1.6345282793045044
198 1.6412928104400635
199 1.6076065301895142
200 1.625677466392517
201 1.6561791896820068
202 1.7278720140457153
203 1.6461946964263916
204 1.6688932180404663
205 1.6696312427520752
206 1.6860841512680054
207 1.6625672578811646
208 1.6395505666732788
209 1.6611878871917725
210 1.6647766828536987
211 1.6419017314910889
212 1.7027902603149414
213 1.6691701412200928
214 1.6672136783599854
215 1.655435562133789
216 1.6703983545303345
217 1.654915452003479
218 1.6190309524536133
219 1.670654535293579
220 1.6900678873062134
221 1.688292384147644
222 1.6250993013381958
223 1.6771042346954346
224 1.679875135421753
225 1.6550244092941284
226 1.6535708904266357
227 1.6705650091171265
228 1.6605271100997925
229 1.633404016494751
230 1.6396300792694092
231 1.6451141834259033
232 1.6002938747406006
233 1.6655994653701782
234 1.6618937253952026
235 1.6436147689819336
236 1.6610524654388428
237 1.64463472366333
238 1.681174874305725
239 1.6817468404769897
240 1.6254677772521973
241 1.624180793762207
242 1.68531334400177
243 1.6690541505813599
244 1.6397291421890259
245 1.6079356670379639
246 1.6507437229156494
247 1.6577308177947998
248 1.6398850679397583
249 1.6340532302856445
250 1.6736818552017212
251 1.6696187257766724
252 1.633402705192566
253 1.5989149808883667
254 1.571117877960205
255 1.6783384084701538
256 1.6965605020523071
257 1.6689225435256958
258 1.6784411668777466
259 1.66880464553833
260 1.6755871772766113
261 1.6322757005691528
262 1.7261024713516235
263 1.6690189838409424
264 1.6461683511734009
265 1.665254831314087
266 1.6796082258224487
267 1.6167265176773071
268 1.6271347999572754
269 1.6512494087219238
270 1.6459051370620728
271 1.6451432704925537
272 1.642769455909729
273 1.7233020067214966
274 1.6903800964355469
275 1.6157162189483643
276 1.6645863056182861
277 1.5720806121826172
278 1.6524547338485718
279 1.6439541578292847
280 1.656793475151062
281 1.6623588800430298
282 1.6549046039581299
283 1.649707317352295
284 1.6503815650939941
285 1.6636826992034912
286 1.6167856454849243
287 1.6163053512573242
288 1.6509242057800293
289 1.6370607614517212
290 1.650222897529602
291 1.6859689950942993
292 1.6270650625228882
293 1.6033602952957153
294 1.663120985031128
295 1.6174134016036987
296 1.6621601581573486
297 1.647631049156189
298 1.6697922945022583
299 1.6609987020492554
300 1.6503956317901611
301 1.6975398063659668
302 1.6804014444351196
303 1.6979035139083862
304 1.6920595169067383
305 1.652813196182251
306 1.6311562061309814
307 1.6614488363265991
308 1.6041496992111206
309 1.6678131818771362
310 1.6797208786010742
311 1.6327894926071167
312 1.643143892288208
313 1.699142575263977
314 1.6759629249572754
315 1.6634629964828491
316 1.6518123149871826
317 1.5999250411987305
318 1.636062502861023
319 1.6350806951522827
320 1.6782671213150024
321 1.644469141960144
322 1.6657148599624634
323 1.6445202827453613
324 1.6735131740570068
325 1.6533160209655762
326 1.6578055620193481
327 1.684611439704895
328 1.7101140022277832
329 1.6175471544265747
330 1.6526916027069092
331 1.6368775367736816
332 1.6741268634796143
333 1.6797065734863281
334 1.6683907508850098
335 1.6452594995498657
336 1.588864803314209
337 1.6591702699661255
338 1.654190182685852
339 1.619143009185791
340 1.655938982963562
341 1.7163348197937012
342 1.6416646242141724
343 1.664321780204773
344 1.6560709476470947
345 1.5959750413894653
346 1.6760064363479614
347 1.6186696290969849
348 1.6643133163452148
349 1.685409426689148
350 1.6411974430084229
351 1.672444462776184
352 1.6518174409866333
353 1.6393617391586304
354 1.6540906429290771
355 1.729600191116333
356 1.6274998188018799
357 1.673737645149231
358 1.6679377555847168
359 1.6269704103469849
360 1.6498079299926758
361 1.6620702743530273
362 1.6642894744873047
363 1.6529362201690674
364 1.6809531450271606
365 1.6690034866333008
366 1.6075682640075684
367 1.6516330242156982
368 1.6673552989959717
369 1.6621736288070679
370 1.6651259660720825
371 1.6919910907745361
372 1.6881511211395264
373 1.652305006980896
374 1.640053153038025
375 1.7130368947982788
376 1.6534967422485352
377 1.664186954498291
378 1.6737477779388428
379 1.6224884986877441
380 1.67741858959198
381 1.6188805103302002
382 1.6517746448516846
383 1.6491659879684448
384 1.6678359508514404
385 1.6635888814926147
386 1.687560796737671
387 1.6847459077835083
388 1.6455026865005493
389 1.6254487037658691
390 1.6092033386230469
391 1.6407550573349
392 1.6561577320098877
BATCH 14
0 1.6336520910263062
1 1.6339051723480225
2 1.6331573724746704
3 1.6753771305084229
4 1.6354420185089111
5 1.6311770677566528
6 1.7209722995758057
7 1.6529628038406372
8 1.645065188407898
9 1.682265281677246
10 1.6108843088150024
11 1.6642754077911377
12 1.681786060333252
13 1.6247296333312988
14 1.632392406463623
15 1.6648876667022705
16 1.6674991846084595
17 1.6558525562286377
18 1.67105233669281
19 1.6168266534805298
20 1.7137658596038818
21 1.6287615299224854
22 1.6799230575561523
23 1.6898276805877686
24 1.6148415803909302
25 1.643850326538086
26 1.665461540222168
27 1.649688482284546
28 1.705491065979004
29 1.6829054355621338
30 1.6672419309616089
31 1.6325263977050781
32 1.6627036333084106
33 1.6706141233444214
34 1.6261169910430908
35 1.7277437448501587
36 1.6349936723709106
37 1.5896304845809937
38 1.655788779258728
39 1.6808115243911743
40 1.6384820938110352
41 1.7020277976989746
42 1.6638290882110596
43 1.655965805053711
44 1.6560239791870117
45 1.6601263284683228
46 1.6612910032272339
47 1.6812859773635864
48 1.6910160779953003
49 1.6223586797714233
50 1.66111159324646
51 1.6508737802505493
52 1.682090401649475
53 1.6503435373306274
54 1.6831556558609009
55 1.652525544166565
56 1.6276828050613403
57 1.6346502304077148
58 1.6687973737716675
59 1.6719053983688354
60 1.6426825523376465
61 1.6906249523162842
62 1.6854077577590942
63 1.6911119222640991
64 1.649882435798645
65 1.636760950088501
66 1.6473619937896729
67 1.6769293546676636
68 1.7078310251235962
69 1.5961037874221802
70 1.651041865348816
71 1.6578179597854614
72 1.7073947191238403
73 1.6658244132995605
74 1.6818374395370483
75 1.6636757850646973
76 1.651386022567749
77 1.656528353691101
78 1.6522163152694702
79 1.6390483379364014
80 1.6692736148834229
81 1.652415156364441
82 1.6808552742004395
83 1.6550427675247192
84 1.6316605806350708
85 1.65932035446167
86 1.6596753597259521
87 1.7091708183288574
88 1.6324245929718018
89 1.6713192462921143
90 1.7015938758850098
91 1.6739797592163086
92 1.6829007863998413
93 1.6614547967910767
94 1.685687780380249
95 1.6754270792007446
96 1.6827737092971802
97 1.610542893409729
98 1.689305305480957
99 1.66701340675354
100 1.6625219583511353
101 1.683253288269043
102 1.6382123231887817
103 1.6345064640045166
104 1.635625958442688
105 1.6776206493377686
106 1.6437240839004517
107 1.6984915733337402
108 1.6389628648757935
109 1.6718617677688599
110 1.6807562112808228
111 1.6527618169784546
112 1.6137406826019287
113 1.7169017791748047
114 1.6531764268875122
115 1.636377215385437
116 1.6669864654541016
117 1.6556822061538696
118 1.6452194452285767
119 1.6842280626296997
120 1.6635866165161133
121 1.666339635848999
122 1.6736421585083008
123 1.6620573997497559
124 1.6208795309066772
125 1.6725493669509888
126 1.6618510484695435
127 1.6594477891921997
128 1.6338856220245361
129 1.636542558670044
130 1.6758896112442017
131 1.622955560684204
132 1.6647356748580933
133 1.6393734216690063
134 1.6782937049865723
135 1.6472866535186768
136 1.6454294919967651
137 1.6569966077804565
138 1.6486750841140747
139 1.635654091835022
140 1.6394962072372437
141 1.675879716873169
142 1.671456217765808
143 1.6302417516708374
144 1.6216373443603516
145 1.6657472848892212
146 1.6918659210205078
147 1.6475399732589722
148 1.7000453472137451
149 1.7377839088439941
150 1.6395763158798218
151 1.6590356826782227
152 1.6413062810897827
153 1.6921913623809814
154 1.7159185409545898
155 1.6783381700515747
156 1.7152467966079712
157 1.69021737575531
158 1.6819688081741333
159 1.6307437419891357
160 1.572082757949829
161 1.6038217544555664
162 1.6473581790924072
163 1.6397862434387207
164 1.6536917686462402
165 1.719570279121399
166 1.7048221826553345
167 1.6284147500991821
168 1.6564955711364746
169 1.679535984992981
170 1.6294249296188354
171 1.645261526107788
172 1.642153024673462
173 1.722540259361267
174 1.6919560432434082
175 1.6788475513458252
176 1.6623570919036865
177 1.6300733089447021
178 1.6330287456512451
179 1.60860013961792
180 1.6504956483840942
181 1.6892963647842407
182 1.6261000633239746
183 1.6798210144042969
184 1.6665862798690796
185 1.6984518766403198
186 1.6555787324905396
187 1.6686508655548096
188 1.6770238876342773
189 1.6590871810913086
190 1.6733253002166748
191 1.6770918369293213
192 1.6821820735931396
193 1.6203254461288452
194 1.654256820678711
195 1.6164556741714478
196 1.6530369520187378
197 1.625441312789917
198 1.6367290019989014
199 1.605665922164917
200 1.6172173023223877
201 1.6515679359436035
202 1.7187376022338867
203 1.6468302011489868
204 1.6671075820922852
205 1.6658097505569458
206 1.6826404333114624
207 1.6549217700958252
208 1.6379142999649048
209 1.654747486114502
210 1.6632952690124512
211 1.6374770402908325
212 1.7018952369689941
213 1.6643036603927612
214 1.6632882356643677
215 1.6574639081954956
216 1.6716183423995972
217 1.6547768115997314
218 1.615081787109375
219 1.6657869815826416
220 1.682888388633728
221 1.6806511878967285
222 1.6237198114395142
223 1.67795991897583
224 1.6775504350662231
225 1.6477599143981934
226 1.6435160636901855
227 1.6650902032852173
228 1.6536407470703125
229 1.6286848783493042
230 1.6341016292572021
231 1.6379473209381104
232 1.5935667753219604
233 1.6609100103378296
234 1.6580135822296143
235 1.6415855884552002
236 1.6604424715042114
237 1.6436764001846313
238 1.6784641742706299
239 1.6779162883758545
240 1.6280003786087036
241 1.621734619140625
242 1.6834992170333862
243 1.6686573028564453
244 1.639238715171814
245 1.6036783456802368
246 1.6510106325149536
247 1.657829999923706
248 1.6390429735183716
249 1.6322427988052368
250 1.6714441776275635
251 1.6671077013015747
252 1.6337835788726807
253 1.5981522798538208
254 1.5700404644012451
255 1.6762614250183105
256 1.692751407623291
257 1.6665509939193726
258 1.678531527519226
259 1.6663295030593872
260 1.6713414192199707
261 1.62824285030365
262 1.718156337738037
263 1.6634156703948975
264 1.6485697031021118
265 1.6614925861358643
266 1.6763845682144165
267 1.6175246238708496
268 1.6247719526290894
269 1.6518793106079102
270 1.6405104398727417
271 1.6456571817398071
272 1.6368138790130615
273 1.7190499305725098
274 1.683975100517273
275 1.6170663833618164
276 1.6638965606689453
277 1.569856882095337
278 1.6444296836853027
279 1.645347237586975
280 1.6579828262329102
281 1.6613435745239258
282 1.655676245689392
283 1.6488163471221924
284 1.6469212770462036
285 1.6606005430221558
286 1.6104854345321655
287 1.611474871635437
288 1.6488921642303467
289 1.6358169317245483
290 1.6528633832931519
291 1.6853982210159302
292 1.6261156797409058
293 1.59986412525177
294 1.6608599424362183
295 1.6171553134918213
296 1.6595349311828613
297 1.6439802646636963
298 1.6695902347564697
299 1.6612675189971924
300 1.6490557193756104
301 1.6976330280303955
302 1.6765395402908325
303 1.6919680833816528
304 1.6910897493362427
305 1.6472705602645874
306 1.625070571899414
307 1.6552367210388184
308 1.601461410522461
309 1.6638031005859375
310 1.6749522686004639
311 1.6241894960403442
312 1.6407344341278076
313 1.6974360942840576
314 1.673378348350525
315 1.659819483757019
316 1.6428380012512207
317 1.5897246599197388
318 1.6283049583435059
319 1.6313331127166748
320 1.6700797080993652
321 1.6365556716918945
322 1.662430763244629
323 1.6356478929519653
324 1.6745425462722778
325 1.6447458267211914
326 1.6553990840911865
327 1.67779541015625
328 1.7054921388626099
329 1.6129783391952515
330 1.6454530954360962
331 1.6362786293029785
332 1.6718002557754517
333 1.6706719398498535
334 1.6637237071990967
335 1.6424598693847656
336 1.587457537651062
337 1.658583164215088
338 1.6507569551467896
339 1.6167457103729248
340 1.6491734981536865
341 1.7106438875198364
342 1.6362817287445068
343 1.6665228605270386
344 1.6498550176620483
345 1.5922415256500244
346 1.6726497411727905
347 1.621715784072876
348 1.6616041660308838
349 1.677951455116272
350 1.6394072771072388
351 1.6730902194976807
352 1.648909330368042
353 1.6418237686157227
354 1.6520709991455078
355 1.7273170948028564
356 1.6249672174453735
357 1.6726816892623901
358 1.669912338256836
359 1.6255038976669312
360 1.6514147520065308
361 1.6617653369903564
362 1.6632840633392334
363 1.6528228521347046
364 1.67899489402771
365 1.648508071899414
366 1.607389211654663
367 1.6455178260803223
368 1.6595346927642822
369 1.6572051048278809
370 1.6621953248977661
371 1.6903332471847534
372 1.6871438026428223
373 1.648402214050293
374 1.6354953050613403
375 1.711806297302246
376 1.6532377004623413
377 1.6606029272079468
378 1.6723014116287231
379 1.6230828762054443
380 1.673722505569458
381 1.6162716150283813
382 1.6443967819213867
383 1.6474876403808594
384 1.6605751514434814
385 1.656896948814392
386 1.6869438886642456
387 1.67991042137146
388 1.6385124921798706
389 1.6206499338150024
390 1.6027047634124756
391 1.6390429735183716
392 1.6510988473892212
BATCH 15
0 1.627265214920044
1 1.6286464929580688
2 1.6290113925933838
3 1.6685211658477783
4 1.631536602973938
5 1.6272499561309814
6 1.7151050567626953
7 1.6507304906845093
8 1.6409239768981934
9 1.6830796003341675
10 1.606685757637024
11 1.6613280773162842
12 1.675169587135315
13 1.6238813400268555
14 1.6297768354415894
15 1.6553666591644287
16 1.6670992374420166
17 1.651052474975586
18 1.6714905500411987
19 1.6121835708618164
20 1.7110317945480347
21 1.629004716873169
22 1.6765247583389282
23 1.688493013381958
24 1.6124351024627686
25 1.6406967639923096
26 1.669082522392273
27 1.6389501094818115
28 1.7003108263015747
29 1.6825320720672607
30 1.667507529258728
31 1.6279611587524414
32 1.6596664190292358
33 1.6707744598388672
34 1.6289650201797485
35 1.722336769104004
36 1.6310757398605347
37 1.5811465978622437
38 1.6514862775802612
39 1.6728014945983887
40 1.634848713874817
41 1.690064549446106
42 1.6588940620422363
43 1.6498249769210815
44 1.6568564176559448
45 1.6588512659072876
46 1.6573834419250488
47 1.6774526834487915
48 1.6911401748657227
49 1.6177575588226318
50 1.6556464433670044
51 1.645003080368042
52 1.680545687675476
53 1.649275779724121
54 1.680303931236267
55 1.6508663892745972
56 1.6263729333877563
57 1.6319199800491333
58 1.6660619974136353
59 1.6704919338226318
60 1.6401042938232422
61 1.6876122951507568
62 1.6870025396347046
63 1.689494013786316
64 1.6480759382247925
65 1.6349830627441406
66 1.6473475694656372
67 1.670485258102417
68 1.7020692825317383
69 1.5900760889053345
70 1.6470065116882324
71 1.6582090854644775
72 1.7050458192825317
73 1.6605578660964966
74 1.6801583766937256
75 1.6558337211608887
76 1.64778470993042
77 1.6540895700454712
78 1.6474171876907349
79 1.6408365964889526
80 1.6652796268463135
81 1.6492499113082886
82 1.6789820194244385
83 1.6549512147903442
84 1.630461573600769
85 1.650810956954956
86 1.6568728685379028
87 1.7017372846603394
88 1.6311943531036377
89 1.6697129011154175
90 1.6980619430541992
91 1.6716985702514648
92 1.6780222654342651
93 1.6587855815887451
94 1.6849387884140015
95 1.6738922595977783
96 1.682044506072998
97 1.6090565919876099
98 1.6827008724212646
99 1.6687912940979004
100 1.658854603767395
101 1.6786946058273315
102 1.6362948417663574
103 1.6370590925216675
104 1.6321232318878174
105 1.6796448230743408
106 1.639046311378479
107 1.694818139076233
108 1.6335276365280151
109 1.6688125133514404
110 1.6768327951431274
111 1.6537234783172607
112 1.61106538772583
113 1.7188698053359985
114 1.6460776329040527
115 1.6369457244873047
116 1.6633765697479248
117 1.6506551504135132
118 1.6429823637008667
119 1.6803525686264038
120 1.6562292575836182
121 1.6619740724563599
122 1.675256609916687
123 1.6564226150512695
124 1.617304801940918
125 1.6676183938980103
126 1.6572816371917725
127 1.6552820205688477
128 1.6323691606521606
129 1.6316815614700317
130 1.6729998588562012
131 1.6220152378082275
132 1.6637070178985596
133 1.6389600038528442
134 1.6722691059112549
135 1.646476149559021
136 1.641626000404358
137 1.6543415784835815
138 1.6469734907150269
139 1.6351746320724487
140 1.6328035593032837
141 1.6746537685394287
142 1.6646854877471924
143 1.6283994913101196
144 1.6251270771026611
145 1.6611146926879883
146 1.6869794130325317
147 1.6416661739349365
148 1.6972076892852783
149 1.7336170673370361
150 1.6367241144180298
151 1.6531391143798828
152 1.6390873193740845
153 1.6912370920181274
154 1.7135587930679321
155 1.6764193773269653
156 1.7107570171356201
157 1.6831438541412354
158 1.6767154932022095
159 1.6286267042160034
160 1.5674947500228882
161 1.6028274297714233
162 1.6430140733718872
163 1.6427303552627563
164 1.649261474609375
165 1.7185262441635132
166 1.7002581357955933
167 1.6297399997711182
168 1.6542270183563232
169 1.6780096292495728
170 1.6317929029464722
171 1.6446702480316162
172 1.6449058055877686
173 1.7248692512512207
174 1.6900031566619873
175 1.6806702613830566
176 1.6615018844604492
177 1.6247055530548096
178 1.6315345764160156
179 1.6105159521102905
180 1.6527957916259766
181 1.6896694898605347
182 1.6252132654190063
183 1.6832072734832764
184 1.6641920804977417
185 1.697965145111084
186 1.6520330905914307
187 1.6691927909851074
188 1.677054524421692
189 1.659026861190796
190 1.668707013130188
191 1.6747164726257324
192 1.67628014087677
193 1.6214889287948608
194 1.6535379886627197
195 1.6115760803222656
196 1.6553819179534912
197 1.6267668008804321
198 1.6343921422958374
199 1.601534366607666
200 1.6169754266738892
201 1.6518480777740479
202 1.7142448425292969
203 1.6441287994384766
204 1.66558039188385
205 1.6630558967590332
206 1.681570291519165
207 1.6519124507904053
208 1.628137469291687
209 1.6541199684143066
210 1.6560590267181396
211 1.634891152381897
212 1.6991074085235596
213 1.6623960733413696
214 1.66000235080719
215 1.6513700485229492
216 1.6638339757919312
217 1.6511508226394653
218 1.6125102043151855
219 1.6602516174316406
220 1.684185266494751
221 1.6742913722991943
222 1.6239304542541504
223 1.6692163944244385
224 1.6765966415405273
225 1.6455439329147339
226 1.6374591588974
227 1.663965106010437
228 1.647806167602539
229 1.629204273223877
230 1.6345657110214233
231 1.6348813772201538
232 1.5915191173553467
233 1.665109634399414
234 1.6573877334594727
235 1.6420589685440063
236 1.6567078828811646
237 1.6456352472305298
238 1.676269292831421
239 1.6722424030303955
240 1.6220860481262207
241 1.6200922727584839
242 1.678044319152832
243 1.6669797897338867
244 1.6400066614151
245 1.6023210287094116
246 1.6523351669311523
247 1.6554207801818848
248 1.6320767402648926
249 1.6304129362106323
250 1.671017050743103
251 1.663082242012024
252 1.6329516172409058
253 1.5953059196472168
254 1.5669469833374023
255 1.6745678186416626
256 1.692940592765808
257 1.6616274118423462
258 1.678304672241211
259 1.6665995121002197
260 1.675574541091919
261 1.6266485452651978
262 1.7149419784545898
263 1.6621791124343872
264 1.6399916410446167
265 1.660187840461731
266 1.6736857891082764
267 1.6141504049301147
268 1.6236824989318848
269 1.6505639553070068
270 1.6410402059555054
271 1.643916130065918
272 1.6347788572311401
273 1.7210081815719604
274 1.6844338178634644
275 1.614601492881775
276 1.657158613204956
277 1.5747193098068237
278 1.6409263610839844
279 1.6401445865631104
280 1.6528401374816895
281 1.6595487594604492
282 1.6556075811386108
283 1.6434528827667236
284 1.6435962915420532
285 1.6624947786331177
286 1.6081801652908325
287 1.60953688621521
288 1.6493579149246216
289 1.629880428314209
290 1.646749496459961
291 1.685005784034729
292 1.6237956285476685
293 1.597449779510498
294 1.657826542854309
295 1.6187795400619507
296 1.6564091444015503
297 1.6393516063690186
298 1.665285587310791
299 1.6560877561569214
300 1.6448277235031128
301 1.6933821439743042
302 1.6754862070083618
303 1.686241865158081
304 1.689205527305603
305 1.6469687223434448
306 1.627536654472351
307 1.6541630029678345
308 1.6013805866241455
309 1.6585893630981445
310 1.6732597351074219
311 1.6263936758041382
312 1.635360836982727
313 1.6943113803863525
314 1.6746505498886108
315 1.6554921865463257
316 1.6421476602554321
317 1.5811712741851807
318 1.6222865581512451
319 1.632279396057129
320 1.6678926944732666
321 1.6362818479537964
322 1.6570302248001099
323 1.6340346336364746
324 1.671252965927124
325 1.6445595026016235
326 1.653732180595398
327 1.6785461902618408
328 1.7020080089569092
329 1.6110483407974243
330 1.642525315284729
331 1.633918046951294
332 1.667405605316162
333 1.673801064491272
334 1.6600333452224731
335 1.6431910991668701
336 1.5829644203186035
337 1.657288908958435
338 1.648789882659912
339 1.6141539812088013
340 1.6441240310668945
341 1.7044979333877563
342 1.6318813562393188
343 1.6638853549957275
344 1.6482818126678467
345 1.5892218351364136
346 1.6681287288665771
347 1.614436149597168
348 1.6594525575637817
349 1.6729975938796997
350 1.634531855583191
351 1.6660195589065552
352 1.6467254161834717
353 1.6336143016815186
354 1.6457535028457642
355 1.7236131429672241
356 1.6204533576965332
357 1.6724637746810913
358 1.6699445247650146
359 1.622745394706726
360 1.647408127784729
361 1.713793158531189
362 1.658544659614563
363 1.6540387868881226
364 1.6756852865219116
365 1.6415759325027466
366 1.6070029735565186
367 1.6538358926773071
368 1.6613519191741943
369 1.6639721393585205
370 1.666260838508606
371 1.6899698972702026
372 1.6813805103302002
373 1.6462270021438599
374 1.6349704265594482
375 1.7025146484375
376 1.6501657962799072
377 1.663353443145752
378 1.6717873811721802
379 1.6210957765579224
380 1.6667091846466064
381 1.614985466003418
382 1.6462798118591309
383 1.6465938091278076
384 1.663686752319336
385 1.6597650051116943
386 1.6860746145248413
387 1.691247582435608
388 1.6434649229049683
389 1.6179450750350952
390 1.6048694849014282
391 1.6419066190719604
392 1.650381326675415
BATCH 16
0 1.6282377243041992
1 1.63324773311615
2 1.626285195350647
3 1.668631672859192
4 1.63554847240448
5 1.627113938331604
6 1.7188788652420044
7 1.6542274951934814
8 1.6392500400543213
9 1.680628776550293
10 1.603371500968933
11 1.6647162437438965
12 1.6790928840637207
13 1.6249582767486572
14 1.636657953262329
15 1.657775640487671
16 1.6647064685821533
17 1.6503281593322754
18 1.6725482940673828
19 1.6093652248382568
20 1.7097718715667725
21 1.6270064115524292
22 1.6777867078781128
23 1.6883416175842285
24 1.6110198497772217
25 1.6414693593978882
26 1.6663761138916016
27 1.6307134628295898
28 1.7018944025039673
29 1.6804254055023193
30 1.6592377424240112
31 1.6280354261398315
32 1.658782720565796
33 1.6681209802627563
34 1.628662109375
35 1.7194383144378662
36 1.6295465230941772
37 1.5778275728225708
38 1.651801586151123
39 1.672954797744751
40 1.6331632137298584
41 1.6922943592071533
42 1.654885172843933
43 1.6472474336624146
44 1.6687126159667969
45 1.6525628566741943
46 1.6534496545791626
47 1.6760995388031006
48 1.6854429244995117
49 1.6173791885375977
50 1.6587554216384888
51 1.6475269794464111
52 1.6786304712295532
53 1.6498565673828125
54 1.6780633926391602
55 1.6508013010025024
56 1.6247003078460693
57 1.6303874254226685
58 1.6632848978042603
59 1.6698368787765503
60 1.6370165348052979
61 1.6841133832931519
62 1.6832259893417358
63 1.6909270286560059
64 1.649023175239563
65 1.6303480863571167
66 1.6430379152297974
67 1.6648577451705933
68 1.6990268230438232
69 1.5866611003875732
70 1.6472855806350708
71 1.6569044589996338
72 1.7000651359558105
73 1.657356858253479
74 1.6791672706604004
75 1.6532458066940308
76 1.6444729566574097
77 1.6534714698791504
78 1.6470189094543457
79 1.643021821975708
80 1.6683810949325562
81 1.645803689956665
82 1.6779391765594482
83 1.6515024900436401
84 1.6294019222259521
85 1.6474759578704834
86 1.6577448844909668
87 1.701622486114502
88 1.6299198865890503
89 1.6656339168548584
90 1.6940959692001343
91 1.666512370109558
92 1.6698179244995117
93 1.658046841621399
94 1.678742527961731
95 1.6697584390640259
96 1.6792471408843994
97 1.6019625663757324
98 1.681410551071167
99 1.668215036392212
100 1.6597000360488892
101 1.674086093902588
102 1.6370048522949219
103 1.633151650428772
104 1.6329630613327026
105 1.6797196865081787
106 1.6414929628372192
107 1.691767692565918
108 1.6311991214752197
109 1.663799524307251
110 1.680125117301941
111 1.6545679569244385
112 1.6064469814300537
113 1.71245276927948
114 1.6440569162368774
115 1.63638174533844
116 1.6655768156051636
117 1.6473122835159302
118 1.641715407371521
119 1.6808655261993408
120 1.6534913778305054
121 1.658056616783142
122 1.6725317239761353
123 1.6573011875152588
124 1.6172573566436768
125 1.6639050245285034
126 1.6568650007247925
127 1.6577308177947998
128 1.6300495862960815
129 1.6271750926971436
130 1.6670732498168945
131 1.61687171459198
132 1.6593348979949951
133 1.636136770248413
134 1.6723628044128418
135 1.6418342590332031
136 1.6360692977905273
137 1.6479884386062622
138 1.6438246965408325
139 1.634102463722229
140 1.633694052696228
141 1.673604965209961
142 1.6671022176742554
143 1.6233891248703003
144 1.6196719408035278
145 1.6631488800048828
146 1.6824616193771362
147 1.6408350467681885
148 1.6918696165084839
149 1.7277865409851074
150 1.63752281665802
151 1.6536548137664795
152 1.6365017890930176
153 1.6849156618118286
154 1.7134654521942139
155 1.6756640672683716
156 1.706778645515442
157 1.6832332611083984
158 1.6766910552978516
159 1.6215665340423584
160 1.564234733581543
161 1.5985652208328247
162 1.6468377113342285
163 1.6368920803070068
164 1.6448529958724976
165 1.7126352787017822
166 1.7008304595947266
167 1.634330153465271
168 1.6554992198944092
169 1.6786656379699707
170 1.622809886932373
171 1.6393845081329346
172 1.6389349699020386
173 1.7194868326187134
174 1.6826859712600708
175 1.6745736598968506
176 1.6588138341903687
177 1.6216175556182861
178 1.6258440017700195
179 1.6094807386398315
180 1.6479533910751343
181 1.6858621835708618
182 1.626258134841919
183 1.6778336763381958
184 1.6581323146820068
185 1.6902289390563965
186 1.65021550655365
187 1.664130687713623
188 1.6717860698699951
189 1.6578561067581177
190 1.6669822931289673
191 1.670019268989563
192 1.6749836206436157
193 1.6165926456451416
194 1.647647738456726
195 1.6136353015899658
196 1.6549330949783325
197 1.6229159832000732
198 1.6343423128128052
199 1.6029611825942993
200 1.6138947010040283
201 1.6572997570037842
202 1.7113934755325317
203 1.6404857635498047
204 1.664832353591919
205 1.6599348783493042
206 1.6780918836593628
207 1.6495527029037476
208 1.6258567571640015
209 1.6566580533981323
210 1.6553544998168945
211 1.6355822086334229
212 1.6968791484832764
213 1.6600956916809082
214 1.6571153402328491
215 1.6514590978622437
216 1.665878415107727
217 1.6494160890579224
218 1.6125022172927856
219 1.6563924551010132
220 1.6797889471054077
221 1.6731632947921753
222 1.6207326650619507
223 1.6687853336334229
224 1.6751186847686768
225 1.6466501951217651
226 1.6368334293365479
227 1.6635206937789917
228 1.652991533279419
229 1.6212620735168457
230 1.6279277801513672
231 1.6343928575515747
232 1.5993417501449585
233 1.6589852571487427
234 1.6523284912109375
235 1.634734034538269
236 1.6555676460266113
237 1.641940951347351
238 1.671338677406311
239 1.668527603149414
240 1.6216775178909302
241 1.6121342182159424
242 1.6795896291732788
243 1.6628319025039673
244 1.63931143283844
245 1.5984430313110352
246 1.6505370140075684
247 1.6527148485183716
248 1.6316986083984375
249 1.6282949447631836
250 1.6694362163543701
251 1.663975715637207
252 1.6292030811309814
253 1.5913293361663818
254 1.56449556350708
255 1.6726083755493164
256 1.6898435354232788
257 1.6576793193817139
258 1.6768107414245605
259 1.6674342155456543
260 1.67008376121521
261 1.6217083930969238
262 1.711859941482544
263 1.6587275266647339
264 1.6376495361328125
265 1.6507154703140259
266 1.6734189987182617
267 1.6136583089828491
268 1.6227244138717651
269 1.6467550992965698
270 1.6348623037338257
271 1.642006516456604
272 1.6325613260269165
273 1.7097607851028442
274 1.6775777339935303
275 1.6075869798660278
276 1.6550421714782715
277 1.5730611085891724
278 1.640191674232483
279 1.6414905786514282
280 1.6492829322814941
281 1.6551226377487183
282 1.6489088535308838
283 1.6432276964187622
284 1.6400668621063232
285 1.6565897464752197
286 1.604868769645691
287 1.6121695041656494
288 1.6483086347579956
289 1.626916766166687
290 1.6462202072143555
291 1.680385947227478
292 1.6224058866500854
293 1.5938018560409546
294 1.6564171314239502
295 1.6186660528182983
296 1.653369426727295
297 1.6374953985214233
298 1.6638458967208862
299 1.654290795326233
300 1.646986961364746
301 1.6896312236785889
302 1.6732078790664673
303 1.6845864057540894
304 1.6863399744033813
305 1.6455214023590088
306 1.6290334463119507
307 1.6451345682144165
308 1.5987330675125122
309 1.658161997795105
310 1.6693000793457031
311 1.6266440153121948
312 1.6345771551132202
313 1.6887805461883545
314 1.6690809726715088
315 1.647743582725525
316 1.6364139318466187
317 1.5807160139083862
318 1.6223968267440796
319 1.630764365196228
320 1.6670334339141846
321 1.6305499076843262
322 1.6502726078033447
323 1.6296637058258057
324 1.6757274866104126
325 1.6418519020080566
326 1.646803617477417
327 1.6776193380355835
328 1.6959195137023926
329 1.6053272485733032
330 1.6378883123397827
331 1.6305354833602905
332 1.6572046279907227
333 1.6622028350830078
334 1.6563292741775513
335 1.6371209621429443
336 1.5782092809677124
337 1.6575433015823364
338 1.6491719484329224
339 1.6055259704589844
340 1.6399818658828735
341 1.70246160030365
342 1.6225154399871826
343 1.6601217985153198
344 1.6460750102996826
345 1.584394097328186
346 1.665876030921936
347 1.6147264242172241
348 1.6552492380142212
349 1.670793056488037
350 1.6316864490509033
351 1.6662203073501587
352 1.643756628036499
353 1.6343445777893066
354 1.6461291313171387
355 1.7207030057907104
356 1.6177842617034912
357 1.6631227731704712
358 1.6642719507217407
359 1.6203339099884033
360 1.6431185007095337
361 1.6638962030410767
362 1.655152678489685
363 1.651666522026062
364 1.6695854663848877
365 1.644018292427063
366 1.6018174886703491
367 1.6462821960449219
368 1.6549805402755737
369 1.6585034132003784
370 1.6667890548706055
371 1.6844459772109985
372 1.6817811727523804
373 1.6464104652404785
374 1.6360127925872803
375 1.701703667640686
376 1.6470487117767334
377 1.6603610515594482
378 1.6613101959228516
379 1.6192830801010132
380 1.665846347808838
381 1.6147794723510742
382 1.6403074264526367
383 1.6447845697402954
384 1.6560170650482178
385 1.6581692695617676
386 1.6860721111297607
387 1.675782322883606
388 1.6353193521499634
389 1.6170717477798462
390 1.6031001806259155
391 1.6350352764129639
392 1.647689938545227
BATCH 17
0 1.6265041828155518
1 1.6293728351593018
2 1.6265584230422974
3 1.6658669710159302
4 1.63367760181427
5 1.624340534210205
6 1.7095627784729004
7 1.6477957963943481
8 1.6389955282211304
9 1.6740056276321411
10 1.6009726524353027
11 1.6594163179397583
12 1.6710057258605957
13 1.625095248222351
14 1.6276841163635254
15 1.654107928276062
16 1.662505865097046
17 1.651203989982605
18 1.666685700416565
19 1.6060911417007446
20 1.7071739435195923
21 1.622744083404541
22 1.674989938735962
23 1.6822797060012817
24 1.602651596069336
25 1.6363093852996826
26 1.664486050605774
27 1.6400792598724365
28 1.6949107646942139
29 1.6790891885757446
30 1.661123514175415
31 1.6250158548355103
32 1.6558864116668701
33 1.6660877466201782
34 1.6269073486328125
35 1.7151516675949097
36 1.627193808555603
37 1.5702993869781494
38 1.647100806236267
39 1.6718374490737915
40 1.6323578357696533
41 1.6894264221191406
42 1.652358889579773
43 1.6466219425201416
44 1.651809811592102
45 1.649168610572815
46 1.6501740217208862
47 1.6761022806167603
48 1.6836391687393188
49 1.6125870943069458
50 1.6578236818313599
51 1.6441013813018799
52 1.6735562086105347
53 1.6474766731262207
54 1.6787641048431396
55 1.6496787071228027
56 1.6201558113098145
57 1.626345157623291
58 1.6611886024475098
59 1.6682450771331787
60 1.6372724771499634
61 1.6838997602462769
62 1.6815072298049927
63 1.6816869974136353
64 1.6433957815170288
65 1.628479242324829
66 1.6463416814804077
67 1.661994457244873
68 1.6975313425064087
69 1.5860201120376587
70 1.6444247961044312
71 1.6558715105056763
72 1.6980793476104736
73 1.6539736986160278
74 1.6760902404785156
75 1.6490347385406494
76 1.6416579484939575
77 1.64728844165802
78 1.646695852279663
79 1.638985514640808
80 1.663511037826538
81 1.6433119773864746
82 1.6805614233016968
83 1.6522001028060913
84 1.6276642084121704
85 1.647832989692688
86 1.6535462141036987
87 1.7005805969238281
88 1.6285794973373413
89 1.6643807888031006
90 1.6896426677703857
91 1.666810154914856
92 1.6733778715133667
93 1.6558488607406616
94 1.6756678819656372
95 1.6696524620056152
96 1.6743754148483276
97 1.5986491441726685
98 1.6807818412780762
99 1.6654396057128906
100 1.6571046113967896
101 1.6745331287384033
102 1.6328459978103638
103 1.6290085315704346
104 1.6323260068893433
105 1.6713814735412598
106 1.6401761770248413
107 1.6881444454193115
108 1.6288870573043823
109 1.6591541767120361
110 1.6752352714538574
111 1.6498610973358154
112 1.6060210466384888
113 1.7111592292785645
114 1.64260733127594
115 1.6328374147415161
116 1.6626918315887451
117 1.6410391330718994
118 1.6397956609725952
119 1.6780593395233154
120 1.6535451412200928
121 1.6546316146850586
122 1.675389051437378
123 1.6532820463180542
124 1.617247223854065
125 1.6599671840667725
126 1.6512465476989746
127 1.6557962894439697
128 1.6287736892700195
129 1.6192785501480103
130 1.664566159248352
131 1.6147493124008179
132 1.6573368310928345
133 1.6363688707351685
134 1.6730144023895264
135 1.643264651298523
136 1.6414928436279297
137 1.651862621307373
138 1.6459498405456543
139 1.6294950246810913
140 1.6299927234649658
141 1.668468713760376
142 1.661232352256775
143 1.6228779554367065
144 1.6173064708709717
145 1.6598224639892578
146 1.6788625717163086
147 1.6327048540115356
148 1.6929197311401367
149 1.7260246276855469
150 1.6358939409255981
151 1.651285171508789
152 1.632606029510498
153 1.6814732551574707
154 1.711055874824524
155 1.6754412651062012
156 1.7047845125198364
157 1.687396764755249
158 1.6799030303955078
159 1.6200186014175415
160 1.5649118423461914
161 1.597654938697815
162 1.6429356336593628
163 1.6339795589447021
164 1.644907832145691
165 1.7138307094573975
166 1.697995662689209
167 1.6284109354019165
168 1.6527559757232666
169 1.6742334365844727
170 1.624855637550354
171 1.6400654315948486
172 1.6328914165496826
173 1.720861792564392
174 1.6853581666946411
175 1.67385995388031
176 1.6632343530654907
177 1.6213315725326538
178 1.6237163543701172
179 1.6115307807922363
180 1.643694281578064
181 1.683672308921814
182 1.6204204559326172
183 1.6786211729049683
184 1.664177417755127
185 1.690303921699524
186 1.6505974531173706
187 1.6614893674850464
188 1.6743924617767334
189 1.6548361778259277
190 1.6590155363082886
191 1.6656612157821655
192 1.6720725297927856
193 1.613742470741272
194 1.645269513130188
195 1.6100760698318481
196 1.6492969989776611
197 1.622527837753296
198 1.6407184600830078
199 1.6037027835845947
200 1.6075282096862793
201 1.6514054536819458
202 1.713361382484436
203 1.6451724767684937
204 1.6642028093338013
205 1.662684679031372
206 1.6756527423858643
207 1.6459957361221313
208 1.6233148574829102
209 1.6574480533599854
210 1.6517205238342285
211 1.6325303316116333
212 1.695094347000122
213 1.6595696210861206
214 1.6545926332473755
215 1.6472480297088623
216 1.6608078479766846
217 1.6466463804244995
218 1.6085920333862305
219 1.657531976699829
220 1.678856611251831
221 1.667618989944458
222 1.623515248298645
223 1.669440746307373
224 1.6738319396972656
225 1.6424341201782227
226 1.6391587257385254
227 1.66477370262146
228 1.6424952745437622
229 1.6185414791107178
230 1.6256848573684692
231 1.6347516775131226
232 1.5918513536453247
233 1.6562641859054565
234 1.6519978046417236
235 1.634667158126831
236 1.6553868055343628
237 1.6400604248046875
238 1.673963189125061
239 1.6656678915023804
240 1.6196515560150146
241 1.6158804893493652
242 1.67924964427948
243 1.6607729196548462
244 1.6339399814605713
245 1.59649658203125
246 1.6472362279891968
247 1.6509497165679932
248 1.6265497207641602
249 1.6303870677947998
250 1.6666231155395508
251 1.6574777364730835
252 1.6324654817581177
253 1.593073844909668
254 1.5607386827468872
255 1.6721296310424805
256 1.6819173097610474
257 1.6534667015075684
258 1.6768732070922852
259 1.666779637336731
260 1.6662794351577759
261 1.6194363832473755
262 1.70399010181427
263 1.654199481010437
264 1.6344624757766724
265 1.6594499349594116
266 1.6714740991592407
267 1.6111114025115967
268 1.6190260648727417
269 1.6399599313735962
270 1.6326199769973755
271 1.6405441761016846
272 1.6335854530334473
273 1.7112617492675781
274 1.6785621643066406
275 1.6048170328140259
276 1.6558012962341309
277 1.5698198080062866
278 1.639061450958252
279 1.640742540359497
280 1.6485021114349365
281 1.6521275043487549
282 1.6470913887023926
283 1.640998125076294
284 1.6395041942596436
285 1.6515464782714844
286 1.6037338972091675
287 1.6065818071365356
288 1.653467059135437
289 1.6246187686920166
290 1.6443387269973755
291 1.6763811111450195
292 1.6228259801864624
293 1.5940231084823608
294 1.6543880701065063
295 1.6151096820831299
296 1.6560872793197632
297 1.6408919095993042
298 1.6609501838684082
299 1.6493347883224487
300 1.642382025718689
301 1.68951416015625
302 1.6733348369598389
303 1.6835719347000122
304 1.6799503564834595
305 1.6404697895050049
306 1.6239619255065918
307 1.6413929462432861
308 1.5956032276153564
309 1.65583074092865
310 1.6684335470199585
311 1.622684121131897
312 1.6337517499923706
313 1.6867657899856567
314 1.6695986986160278
315 1.651741623878479
316 1.6351842880249023
317 1.5727773904800415
318 1.6189723014831543
319 1.6267290115356445
320 1.6595760583877563
321 1.6299036741256714
322 1.6500481367111206
323 1.631065011024475
324 1.6744564771652222
325 1.6386234760284424
326 1.6408995389938354
327 1.671602725982666
328 1.6919883489608765
329 1.6057876348495483
330 1.6416678428649902
331 1.627088189125061
332 1.6555564403533936
333 1.657711148262024
334 1.657588005065918
335 1.6324104070663452
336 1.579147219657898
337 1.6563091278076172
338 1.6494503021240234
339 1.604936957359314
340 1.6430364847183228
341 1.7018948793411255
342 1.6227091550827026
343 1.659497857093811
344 1.642783522605896
345 1.5851918458938599
346 1.6670576333999634
347 1.6126915216445923
348 1.6536848545074463
349 1.6711472272872925
350 1.6351381540298462
351 1.662811279296875
352 1.641547679901123
353 1.6291203498840332
354 1.6443626880645752
355 1.7150567770004272
356 1.6182401180267334
357 1.6643264293670654
358 1.663150668144226
359 1.6187291145324707
360 1.6383602619171143
361 1.6498430967330933
362 1.6506770849227905
363 1.6489921808242798
364 1.669126033782959
365 1.6439917087554932
366 1.5987635850906372
367 1.6419228315353394
368 1.6542896032333374
369 1.6557055711746216
370 1.6597028970718384
371 1.677628755569458
372 1.6785019636154175
373 1.6446079015731812
374 1.6361051797866821
375 1.7039400339126587
376 1.6509685516357422
377 1.6625479459762573
378 1.6603388786315918
379 1.617703914642334
380 1.6692594289779663
381 1.6110479831695557
382 1.6372764110565186
383 1.6413161754608154
384 1.652768611907959
385 1.658481478691101
386 1.678796410560608
387 1.6748543977737427
388 1.6319820880889893
389 1.6124330759048462
390 1.598686933517456
391 1.6318801641464233
392 1.647976279258728
BATCH 18
0 1.6242413520812988
1 1.624001145362854
2 1.6210265159606934
3 1.6681201457977295
4 1.6276792287826538
5 1.625617504119873
6 1.70175302028656
7 1.64423406124115
8 1.6360870599746704
9 1.6720874309539795
10 1.6033060550689697
11 1.6574993133544922
12 1.6661455631256104
13 1.6180832386016846
14 1.6293588876724243
15 1.6535567045211792
16 1.6617642641067505
17 1.6490654945373535
18 1.6608555316925049
19 1.6033824682235718
20 1.7042652368545532
21 1.6234564781188965
22 1.6722662448883057
23 1.6866017580032349
24 1.6039319038391113
25 1.6348061561584473
26 1.6584339141845703
27 1.6268367767333984
28 1.6883212327957153
29 1.6745753288269043
30 1.658920168876648
31 1.6230998039245605
32 1.6508326530456543
33 1.6660767793655396
34 1.6218279600143433
35 1.7139919996261597
36 1.6262538433074951
37 1.5725938081741333
38 1.6439061164855957
39 1.6736013889312744
40 1.6281719207763672
41 1.6859304904937744
42 1.650731086730957
43 1.6431972980499268
44 1.6485395431518555
45 1.6509891748428345
46 1.6521892547607422
47 1.6701419353485107
48 1.6890714168548584
49 1.6083406209945679
50 1.652617335319519
51 1.644710898399353
52 1.6732381582260132
53 1.6468615531921387
54 1.6797029972076416
55 1.6487421989440918
56 1.6206800937652588
57 1.625736117362976
58 1.6596165895462036
59 1.6685435771942139
60 1.6349035501480103
61 1.6794334650039673
62 1.6792489290237427
63 1.6818429231643677
64 1.642318606376648
65 1.6286319494247437
66 1.6372965574264526
67 1.6618493795394897
68 1.696869134902954
69 1.5820540189743042
70 1.642970323562622
71 1.6505845785140991
72 1.692739486694336
73 1.6554157733917236
74 1.6772098541259766
75 1.6462421417236328
76 1.636134147644043
77 1.6443065404891968
78 1.6481469869613647
79 1.631314754486084
80 1.662662386894226
81 1.6420482397079468
82 1.6785895824432373
83 1.6499183177947998
84 1.6287328004837036
85 1.6488879919052124
86 1.6493583917617798
87 1.6964263916015625
88 1.6262474060058594
89 1.6615456342697144
90 1.6890071630477905
91 1.6683952808380127
92 1.668511986732483
93 1.6523048877716064
94 1.6743690967559814
95 1.667651653289795
96 1.6698909997940063
97 1.599674940109253
98 1.6763113737106323
99 1.6641724109649658
100 1.6553906202316284
101 1.6726162433624268
102 1.6294585466384888
103 1.6239466667175293
104 1.6339685916900635
105 1.6732438802719116
106 1.6344135999679565
107 1.6871179342269897
108 1.6293550729751587
109 1.6586709022521973
110 1.6745165586471558
111 1.6480774879455566
112 1.604824185371399
113 1.7097088098526
114 1.6400543451309204
115 1.6313093900680542
116 1.6649621725082397
117 1.6394764184951782
118 1.639979362487793
119 1.6839431524276733
120 1.651296615600586
121 1.6507834196090698
122 1.6747220754623413
123 1.6487078666687012
124 1.615755319595337
125 1.6582313776016235
126 1.6454576253890991
127 1.6521880626678467
128 1.626103401184082
129 1.6206406354904175
130 1.660730242729187
131 1.6165356636047363
132 1.658323884010315
133 1.6350312232971191
134 1.6657055616378784
135 1.6377935409545898
136 1.6358851194381714
137 1.6529157161712646
138 1.6462372541427612
139 1.628174901008606
140 1.6304264068603516
141 1.6689788103103638
142 1.658053994178772
143 1.6226422786712646
144 1.6148006916046143
145 1.6602416038513184
146 1.6791229248046875
147 1.632639765739441
148 1.6891850233078003
149 1.7209875583648682
150 1.6334362030029297
151 1.6484220027923584
152 1.633169174194336
153 1.677211046218872
154 1.7071764469146729
155 1.6747092008590698
156 1.7082568407058716
157 1.6852957010269165
158 1.6758830547332764
159 1.623252272605896
160 1.5633769035339355
161 1.5938456058502197
162 1.6404218673706055
163 1.6316304206848145
164 1.6481080055236816
165 1.71494460105896
166 1.693777322769165
167 1.62491774559021
168 1.653156042098999
169 1.6750211715698242
170 1.6199849843978882
171 1.63758385181427
172 1.636338233947754
173 1.7174183130264282
174 1.6823796033859253
175 1.6713263988494873
176 1.6619019508361816
177 1.6162526607513428
178 1.624322533607483
179 1.6053680181503296
180 1.6424603462219238
181 1.682131290435791
182 1.6154264211654663
183 1.6758168935775757
184 1.6582611799240112
185 1.6868188381195068
186 1.650564193725586
187 1.6607725620269775
188 1.6693607568740845
189 1.657056450843811
190 1.6578277349472046
191 1.6637122631072998
192 1.6701411008834839
193 1.6168696880340576
194 1.6414979696273804
195 1.6114426851272583
196 1.6468303203582764
197 1.6208981275558472
198 1.6322821378707886
199 1.5951857566833496
200 1.6085621118545532
201 1.6532251834869385
202 1.7076606750488281
203 1.6418458223342896
204 1.6634726524353027
205 1.6588555574417114
206 1.672998309135437
207 1.6419564485549927
208 1.6226565837860107
209 1.654813289642334
210 1.6481170654296875
211 1.6291438341140747
212 1.69431471824646
213 1.658145785331726
214 1.6537580490112305
215 1.6451170444488525
216 1.6631064414978027
217 1.6462892293930054
218 1.6070736646652222
219 1.6595144271850586
220 1.6761845350265503
221 1.6664973497390747
222 1.6186162233352661
223 1.6677892208099365
224 1.6737765073776245
225 1.6460739374160767
226 1.6332401037216187
227 1.662827968597412
228 1.6400049924850464
229 1.6179790496826172
230 1.6225535869598389
231 1.6362959146499634
232 1.588539481163025
233 1.6533454656600952
234 1.6581990718841553
235 1.6356920003890991
236 1.6544867753982544
237 1.6349610090255737
238 1.6731305122375488
239 1.6667035818099976
240 1.6174547672271729
241 1.6141120195388794
242 1.6768258810043335
243 1.6545796394348145
244 1.635030746459961
245 1.5946753025054932
246 1.6448060274124146
247 1.6526726484298706
248 1.6255121231079102
249 1.6275571584701538
250 1.6699270009994507
251 1.654247760772705
252 1.6301655769348145
253 1.5930346250534058
254 1.5604816675186157
255 1.6703789234161377
256 1.684596061706543
257 1.6500996351242065
258 1.6752455234527588
259 1.6659855842590332
260 1.6667892932891846
261 1.6195300817489624
262 1.7061766386032104
263 1.6559674739837646
264 1.6303948163986206
265 1.6524403095245361
266 1.670156717300415
267 1.6130057573318481
268 1.6176525354385376
269 1.6454036235809326
270 1.6290627717971802
271 1.64113187789917
272 1.632392406463623
273 1.7029054164886475
274 1.6695476770401
275 1.6005874872207642
276 1.649621605873108
277 1.565305233001709
278 1.6372267007827759
279 1.6376827955245972
280 1.6452082395553589
281 1.6505029201507568
282 1.6415932178497314
283 1.6388801336288452
284 1.6355475187301636
285 1.6492995023727417
286 1.605757236480713
287 1.6045174598693848
288 1.6504045724868774
289 1.6225565671920776
290 1.6460201740264893
291 1.6776455640792847
292 1.6192883253097534
293 1.5886964797973633
294 1.6521433591842651
295 1.61629319190979
296 1.6541613340377808
297 1.6389816999435425
298 1.662278175354004
299 1.6494991779327393
300 1.6411956548690796
301 1.6883774995803833
302 1.6724210977554321
303 1.6797702312469482
304 1.6826928853988647
305 1.639925241470337
306 1.6251918077468872
307 1.6449075937271118
308 1.594342827796936
309 1.65229332447052
310 1.6656025648117065
311 1.6233227252960205
312 1.626692771911621
313 1.6864241361618042
314 1.6669193506240845
315 1.6494863033294678
316 1.6304409503936768
317 1.5716238021850586
318 1.617988109588623
319 1.6252336502075195
320 1.6582608222961426
321 1.6275759935379028
322 1.6467163562774658
323 1.6284743547439575
324 1.6694093942642212
325 1.6330466270446777
326 1.6404587030410767
327 1.6727198362350464
328 1.6905773878097534
329 1.6010383367538452
330 1.6389188766479492
331 1.6250115633010864
332 1.6533846855163574
333 1.6555734872817993
334 1.6566195487976074
335 1.6339595317840576
336 1.5780911445617676
337 1.6581605672836304
338 1.6469281911849976
339 1.6078282594680786
340 1.6361643075942993
341 1.7063459157943726
342 1.627534031867981
343 1.6571234464645386
344 1.6418720483779907
345 1.5826332569122314
346 1.6671068668365479
347 1.610417127609253
348 1.6512917280197144
349 1.6703141927719116
350 1.6342524290084839
351 1.6575847864151
352 1.63815176486969
353 1.630142331123352
354 1.6432154178619385
355 1.715834379196167
356 1.6152949333190918
357 1.663437008857727
358 1.6600178480148315
359 1.6146979331970215
360 1.6413236856460571
361 1.638912558555603
362 1.6491832733154297
363 1.641405463218689
364 1.6668387651443481
365 1.6331297159194946
366 1.5985654592514038
367 1.6413381099700928
368 1.6539814472198486
369 1.651308536529541
370 1.6575665473937988
371 1.6751872301101685
372 1.6786093711853027
373 1.6437208652496338
374 1.6355006694793701
375 1.6980865001678467
376 1.6436315774917603
377 1.6576197147369385
378 1.660075306892395
379 1.616978645324707
380 1.6641699075698853
381 1.608229398727417
382 1.6320607662200928
383 1.6415908336639404
384 1.6527600288391113
385 1.652109146118164
386 1.6810272932052612
387 1.677621603012085
388 1.6342796087265015
389 1.6120134592056274
390 1.5955201387405396
391 1.6325517892837524
392 1.6467015743255615
BATCH 19
0 1.619823932647705
1 1.62094247341156
2 1.6204137802124023
3 1.6664952039718628
4 1.6275966167449951
5 1.6256963014602661
6 1.705559492111206
7 1.643567681312561
8 1.637139081954956
9 1.6700717210769653
10 1.60335111618042
11 1.6539095640182495
12 1.6683151721954346
13 1.6189460754394531
14 1.6276811361312866
15 1.6516259908676147
16 1.656543493270874
17 1.6477375030517578
18 1.6582967042922974
19 1.6016651391983032
20 1.699765682220459
21 1.6179147958755493
22 1.6722995042800903
23 1.6850364208221436
24 1.5986756086349487
25 1.631829023361206
26 1.6527774333953857
27 1.6296168565750122
28 1.6866114139556885
29 1.6722447872161865
30 1.6596137285232544
31 1.620814561843872
32 1.6489397287368774
33 1.6634920835494995
34 1.620867133140564
35 1.7119331359863281
36 1.6263684034347534
37 1.574447512626648
38 1.639973759651184
39 1.6664973497390747
40 1.6316921710968018
41 1.6837424039840698
42 1.650282859802246
43 1.6441086530685425
44 1.6528114080429077
45 1.6505897045135498
46 1.65176522731781
47 1.6705471277236938
48 1.6857889890670776
49 1.6072486639022827
50 1.6576780080795288
51 1.6422048807144165
52 1.665662407875061
53 1.6412665843963623
54 1.6724222898483276
55 1.6539324522018433
56 1.6233787536621094
57 1.6265202760696411
58 1.6570780277252197
59 1.673009991645813
60 1.6366894245147705
61 1.680149793624878
62 1.6795405149459839
63 1.6789144277572632
64 1.640506386756897
65 1.6250990629196167
66 1.639955997467041
67 1.6546287536621094
68 1.700641393661499
69 1.5796281099319458
70 1.6444313526153564
71 1.648940920829773
72 1.6948167085647583
73 1.6526507139205933
74 1.6702052354812622
75 1.6441975831985474
76 1.6346896886825562
77 1.6460864543914795
78 1.645855188369751
79 1.631898283958435
80 1.6603882312774658
81 1.6455415487289429
82 1.6774708032608032
83 1.6484183073043823
84 1.6216825246810913
85 1.64378821849823
86 1.6502275466918945
87 1.6946966648101807
88 1.6231942176818848
89 1.6643657684326172
90 1.6890546083450317
91 1.6653491258621216
92 1.668215036392212
93 1.6518877744674683
94 1.6663978099822998
95 1.6660981178283691
96 1.6669069528579712
97 1.5977016687393188
98 1.672318458557129
99 1.6620454788208008
100 1.6539238691329956
101 1.6674458980560303
102 1.626758337020874
103 1.626301884651184
104 1.6322134733200073
105 1.6665899753570557
106 1.636634111404419
107 1.6864285469055176
108 1.630393624305725
109 1.6529033184051514
110 1.6735998392105103
111 1.6431984901428223
112 1.6005537509918213
113 1.7087386846542358
114 1.6376605033874512
115 1.6293120384216309
116 1.662053108215332
117 1.6393651962280273
118 1.6357592344284058
119 1.6757752895355225
120 1.651455283164978
121 1.6503468751907349
122 1.6733640432357788
123 1.6471834182739258
124 1.6105589866638184
125 1.6589168310165405
126 1.649100661277771
127 1.6530513763427734
128 1.6183322668075562
129 1.6189476251602173
130 1.6596988439559937
131 1.6151024103164673
132 1.6536173820495605
133 1.632385015487671
134 1.6638596057891846
135 1.6385191679000854
136 1.6358568668365479
137 1.6478759050369263
138 1.645614743232727
139 1.6230310201644897
140 1.6240698099136353
141 1.6686800718307495
142 1.657200574874878
143 1.6218043565750122
144 1.6139730215072632
145 1.6562618017196655
146 1.6783339977264404
147 1.6272140741348267
148 1.6883190870285034
149 1.7225055694580078
150 1.630370855331421
151 1.6508101224899292
152 1.6380940675735474
153 1.6771838665008545
154 1.705108404159546
155 1.6772419214248657
156 1.711075782775879
157 1.6822292804718018
158 1.6717830896377563
159 1.6236803531646729
160 1.566012978553772
161 1.597562313079834
162 1.638332724571228
163 1.6333144903182983
164 1.6447261571884155
165 1.7176530361175537
166 1.6982795000076294
167 1.620711088180542
168 1.6496187448501587
169 1.6710134744644165
170 1.6232305765151978
171 1.639807939529419
172 1.631455421447754
173 1.7173064947128296
174 1.6837657690048218
175 1.673256516456604
176 1.6586252450942993
177 1.614789605140686
178 1.6219966411590576
179 1.6103156805038452
180 1.6438511610031128
181 1.6812160015106201
182 1.6136163473129272
183 1.674739122390747
184 1.6559622287750244
185 1.6897691488265991
186 1.637701153755188
187 1.6552692651748657
188 1.6725647449493408
189 1.6604899168014526
190 1.6526732444763184
191 1.6629518270492554
192 1.6657670736312866
193 1.6180530786514282
194 1.6446164846420288
195 1.6139215230941772
196 1.6452903747558594
197 1.6206940412521362
198 1.638002872467041
199 1.5980409383773804
200 1.6053566932678223
201 1.6483335494995117
202 1.709718108177185
203 1.6360654830932617
204 1.6596786975860596
205 1.6593326330184937
206 1.6705280542373657
207 1.639339804649353
208 1.6226521730422974
209 1.6540299654006958
210 1.6500860452651978
211 1.627323031425476
212 1.688119888305664
213 1.6579891443252563
214 1.6473708152770996
215 1.6376700401306152
216 1.6602787971496582
217 1.641204595565796
218 1.6033598184585571
219 1.655124545097351
220 1.6713347434997559
221 1.6558243036270142
222 1.619832992553711
223 1.6668548583984375
224 1.6729267835617065
225 1.642240047454834
226 1.6277929544448853
227 1.662129521369934
228 1.641620397567749
229 1.617952823638916
230 1.6194770336151123
231 1.6322485208511353
232 1.5892369747161865
233 1.6512397527694702
234 1.651953101158142
235 1.6286972761154175
236 1.6512068510055542
237 1.6329338550567627
238 1.6726316213607788
239 1.6625182628631592
240 1.612087607383728
241 1.6096800565719604
242 1.6782300472259521
243 1.6558533906936646
244 1.6359083652496338
245 1.597100853919983
246 1.6484694480895996
247 1.6485041379928589
248 1.6239972114562988
249 1.6271713972091675
250 1.6666697263717651
251 1.6531175374984741
252 1.6296745538711548
253 1.5925147533416748
254 1.5616525411605835
255 1.6690466403961182
256 1.6764044761657715
257 1.6479425430297852
258 1.6758077144622803
259 1.6653975248336792
260 1.6654422283172607
261 1.6184817552566528
262 1.7043713331222534
263 1.6545164585113525
264 1.6287916898727417
265 1.6548068523406982
266 1.6671884059906006
267 1.613325834274292
268 1.6168349981307983
269 1.6391363143920898
270 1.627992033958435
271 1.6367417573928833
272 1.635164737701416
273 1.7036653757095337
274 1.6743577718734741
275 1.6053324937820435
276 1.6482243537902832
277 1.56584894657135
278 1.6368434429168701
279 1.6343034505844116
280 1.640344500541687
281 1.645858645439148
282 1.6441789865493774
283 1.6354117393493652
284 1.6351104974746704
285 1.6506054401397705
286 1.598008394241333
287 1.601511001586914
288 1.6473629474639893
289 1.6194621324539185
290 1.6495383977890015
291 1.6740201711654663
292 1.6219090223312378
293 1.5896378755569458
294 1.655582308769226
295 1.615280270576477
296 1.653483510017395
297 1.6417081356048584
298 1.6628628969192505
299 1.6538342237472534
300 1.6431682109832764
301 1.6866720914840698
302 1.6728687286376953
303 1.6805905103683472
304 1.680214285850525
305 1.6375819444656372
306 1.6256316900253296
307 1.645606279373169
308 1.5920685529708862
309 1.647471308708191
310 1.6657989025115967
311 1.6186370849609375
312 1.62682044506073
313 1.685649037361145
314 1.662624716758728
315 1.6486663818359375
316 1.6271799802780151
317 1.5658605098724365
318 1.620640754699707
319 1.6249749660491943
320 1.6571637392044067
321 1.626343011856079
322 1.6360487937927246
323 1.6255418062210083
324 1.666122555732727
325 1.6316686868667603
326 1.6403300762176514
327 1.6662287712097168
328 1.6905912160873413
329 1.598693609237671
330 1.6324630975723267
331 1.6221709251403809
332 1.650475025177002
333 1.6569395065307617
334 1.65409517288208
335 1.6293365955352783
336 1.5768088102340698
337 1.6550976037979126
338 1.639277458190918
339 1.6066808700561523
340 1.6404035091400146
341 1.699980616569519
342 1.619415044784546
343 1.6584110260009766
344 1.634825348854065
345 1.5789039134979248
346 1.6630902290344238
347 1.6099746227264404
348 1.649034857749939
349 1.6666359901428223
350 1.6329554319381714
351 1.656348466873169
352 1.6380711793899536
353 1.6253418922424316
354 1.6446359157562256
355 1.7162809371948242
356 1.609756350517273
357 1.659328818321228
358 1.662837266921997
359 1.6157588958740234
360 1.6355136632919312
361 1.6444233655929565
362 1.6465176343917847
363 1.635849118232727
364 1.6627051830291748
365 1.6309260129928589
366 1.5964776277542114
367 1.6408295631408691
368 1.651500940322876
369 1.6502432823181152
370 1.6535754203796387
371 1.6737239360809326
372 1.6772476434707642
373 1.6419588327407837
374 1.635328769683838
375 1.6996418237686157
376 1.6464242935180664
377 1.6584810018539429
378 1.6568255424499512
379 1.6119482517242432
380 1.6629071235656738
381 1.6095079183578491
382 1.6336016654968262
383 1.6418354511260986
384 1.6523221731185913
385 1.6509405374526978
386 1.6782162189483643
387 1.6673698425292969
388 1.6327574253082275
389 1.607040286064148
390 1.5907384157180786
391 1.6286495923995972
392 1.6458990573883057
BATCH 20
0 1.6221985816955566
1 1.6180392503738403
2 1.6198488473892212
3 1.6665600538253784
4 1.624456524848938
5 1.6201107501983643
6 1.7048625946044922
7 1.639415979385376
8 1.635798454284668
9 1.6670475006103516
10 1.6011704206466675
11 1.6528805494308472
12 1.6647502183914185
13 1.6190255880355835
14 1.6239335536956787
15 1.6520802974700928
16 1.6544147729873657
17 1.6412475109100342
18 1.656726598739624
19 1.5992484092712402
20 1.703446626663208
21 1.6167116165161133
22 1.6672894954681396
23 1.681624174118042
24 1.5946701765060425
25 1.6321772336959839
26 1.647244930267334
27 1.6175236701965332
28 1.6850697994232178
29 1.6645931005477905
30 1.6547740697860718
31 1.6224371194839478
32 1.6496137380599976
33 1.6643880605697632
34 1.6193877458572388
35 1.706443190574646
36 1.6219556331634521
37 1.5714503526687622
38 1.6402243375778198
39 1.6640902757644653
40 1.6275227069854736
41 1.6818097829818726
42 1.6444611549377441
43 1.6413145065307617
44 1.6467649936676025
45 1.6506849527359009
46 1.641232967376709
47 1.6682813167572021
48 1.6797980070114136
49 1.6050792932510376
50 1.652099609375
51 1.639167070388794
52 1.6648218631744385
53 1.636003851890564
54 1.6723122596740723
55 1.6469389200210571
56 1.6208184957504272
57 1.621740460395813
58 1.654716968536377
59 1.6648428440093994
60 1.6348108053207397
61 1.6802130937576294
62 1.6772708892822266
63 1.6742525100708008
64 1.6355475187301636
65 1.6214606761932373
66 1.637029767036438
67 1.6575732231140137
68 1.6921813488006592
69 1.5762598514556885
70 1.6484910249710083
71 1.650660753250122
72 1.69306480884552
73 1.6557896137237549
74 1.6719841957092285
75 1.6477950811386108
76 1.6323212385177612
77 1.6421767473220825
78 1.648597240447998
79 1.6288511753082275
80 1.6614309549331665
81 1.6474820375442505
82 1.6777948141098022
83 1.6524982452392578
84 1.622719407081604
85 1.6455774307250977
86 1.6508657932281494
87 1.693394660949707
88 1.623868703842163
89 1.6610875129699707
90 1.6900733709335327
91 1.6659748554229736
92 1.6657946109771729
93 1.6503283977508545
94 1.668235421180725
95 1.6657048463821411
96 1.670431137084961
97 1.5996191501617432
98 1.6685899496078491
99 1.6584097146987915
100 1.6516507863998413
101 1.671012043952942
102 1.6236324310302734
103 1.625016212463379
104 1.630111813545227
105 1.671030879020691
106 1.6317031383514404
107 1.679966688156128
108 1.6322730779647827
109 1.6505540609359741
110 1.6744006872177124
111 1.6454702615737915
112 1.5967947244644165
113 1.7065685987472534
114 1.6352128982543945
115 1.6285978555679321
116 1.6583739519119263
117 1.639432430267334
118 1.6338893175125122
119 1.6687865257263184
120 1.6475012302398682
121 1.6486471891403198
122 1.6685606241226196
123 1.64484441280365
124 1.611415982246399
125 1.6636807918548584
126 1.6499361991882324
127 1.653615951538086
128 1.6213473081588745
129 1.6267940998077393
130 1.6581546068191528
131 1.6130962371826172
132 1.647871971130371
133 1.6384450197219849
134 1.6662482023239136
135 1.6388521194458008
136 1.6300088167190552
137 1.6474552154541016
138 1.6429612636566162
139 1.6241657733917236
140 1.6275829076766968
141 1.6662604808807373
142 1.6544852256774902
143 1.618382215499878
144 1.6112571954727173
145 1.6539050340652466
146 1.6748878955841064
147 1.6248655319213867
148 1.6908776760101318
149 1.7139827013015747
150 1.627366542816162
151 1.6490044593811035
152 1.6341787576675415
153 1.6707179546356201
154 1.7012473344802856
155 1.6733108758926392
156 1.7066270112991333
157 1.682564377784729
158 1.6705248355865479
159 1.6190149784088135
160 1.5608792304992676
161 1.5887537002563477
162 1.6389553546905518
163 1.6328442096710205
164 1.6388828754425049
165 1.7099769115447998
166 1.6914359331130981
167 1.626852035522461
168 1.6467498540878296
169 1.6675598621368408
170 1.6200370788574219
171 1.6340705156326294
172 1.631173849105835
173 1.7097560167312622
174 1.6736392974853516
175 1.670070767402649
176 1.6586414575576782
177 1.6114808320999146
178 1.6182599067687988
179 1.6045255661010742
180 1.6367793083190918
181 1.6839760541915894
182 1.6127322912216187
183 1.6747443675994873
184 1.6507145166397095
185 1.6872305870056152
186 1.6406762599945068
187 1.651489019393921
188 1.6690587997436523
189 1.652891993522644
190 1.6576789617538452
191 1.6609119176864624
192 1.6619653701782227
193 1.6169754266738892
194 1.637617826461792
195 1.615614891052246
196 1.6407098770141602
197 1.6218312978744507
198 1.6304150819778442
199 1.5934021472930908
200 1.6076728105545044
201 1.6516159772872925
202 1.7033036947250366
203 1.6356452703475952
204 1.6580559015274048
205 1.6590442657470703
206 1.6670405864715576
207 1.6429516077041626
208 1.624570369720459
209 1.6519914865493774
210 1.6460331678390503
211 1.625174880027771
212 1.6856141090393066
213 1.6538774967193604
214 1.6453348398208618
215 1.6366435289382935
216 1.6573586463928223
217 1.6416873931884766
218 1.603656530380249
219 1.6566386222839355
220 1.6760106086730957
221 1.6519142389297485
222 1.6152522563934326
223 1.6644538640975952
224 1.6700010299682617
225 1.6424239873886108
226 1.6231553554534912
227 1.659053087234497
228 1.6359413862228394
229 1.6133486032485962
230 1.618186354637146
231 1.628339409828186
232 1.5863349437713623
233 1.6493511199951172
234 1.6522623300552368
235 1.6266605854034424
236 1.6512051820755005
237 1.630011796951294
238 1.6657240390777588
239 1.661656379699707
240 1.6087490320205688
241 1.6085655689239502
